Workbook

Sheet x
B4: Veste | D4: Stear
B5: Manteau | D5: Sweet
B6: Robe | D6: Mango
B7: Masque | D7: Luso
B8: Chemise | D8: Imprima
B9: Pantalon
B10: Mono
B11: Bermuda
B12: Top
B13: Gilet
B14: Short

Sheet FF
B1: LA FICHE DE PRODUCTION DES CHAÎNES E06.03C | AA1: =+AD1/AC1 -> 0.79144367 | AC1: =+SUBTOTAL(9,AC4:AC194) -> 248790 | AD1: =+SUBTOTAL(9,AD4:AD194) -> 196903.27
B2: CODERSA s.a.r.l | R2: Sortie Chaine | W2: =+SUMIF(J4:J1000,R2,W4:W1000) -> 26422 | X2: DATE : | Z2: 44032
B3: CH | C3: IMPORT | D3: CLIENT | E3: MODELE | F3: DESIG | G3: Meth | I3: Réel | K3: 01 | L3: 02 | M3: 03 | N3: 04 | O3: 05 | P3: 06 | Q3: 07 | R3: 08 | S3: 09 | T3: 10 | U3: 11 | V3: Moy | W3: Total | X3: Cumul | Z3: Encours | AA3: R%
B4: =+B5 -> 1 | G4: VT | H4: P/H | I4: P/H | J4: Entre Chaine | R4: 156 | W4: =+SUM(K4:U4) -> 156 | X4: =+Y4+W4 -> 832 | Y4: 676
B5: 1 | C5: 101-20 | D5: LUSO | E5: 4043-263-063 | F5: Gilet | G5: 42.5 | H5: 60 | I5: 56 | J5: Sortie Chaine | K5: 0 | L5: 0 | M5: 20 | N5: 20 | O5: 25 | P5: 25 | Q5: 30 | R5: 30 | V5: =+IF(COUNTA(K5:U5)=0,0,W5/COUNTA(K5:U5)) -> 18.75 | W5: =+SUM(K5:U5) -> 150 | X5: =+W5+Y5 -> 150 | Y5: 0 | Z5: =+X4-X5 -> 682 | AA5: =+IF(((W6+(W7/2))*60)=0,"",(G5*W5)/((W6+(W7/2))*60)) -> 0.32003012 | AD5: =+W5*G5 -> 6375
B6: =+B5 -> 1 | H6: EFF | I6: EFF | J6: Effectifs | K6: 40 | L6: 40 | M6: 40 | N6: 40 | O6: 40 | P6: 40 | Q6: 40 | R6: 40 | W6: =+SUM(K6:U6) -> 320 | AC6: =+W6*60 -> 19200
B7: =+B5 -> 1 | H7: 46 | I7: 41.5 | J7: Stagiaire | K7: 3 | L7: 3 | M7: 3 | N7: 3 | O7: 3 | P7: 3 | Q7: 3 | R7: 3 | W7: =+SUM(K7:U7) -> 24 | Z7: =+Z5/(I5*8) -> 1.5223214 | AC7: =+W7*30 -> 720
B8: =+B9 -> 2 | G8: VT | H8: P/H | I8: P/H | J8: Entre Chaine | K8: 42 | L8: 42 | M8: 100 | N8: 21 | R8: 0 | W8: =+SUM(K8:U8) -> 205 | X8: =+Y8+W8 -> 3753 | Y8: 3548
B9: 2 | C9: 089-20 | D9: Stear | E9: 8029-743-999 | F9: Robe | G9: 41.37 | H9: 68 | I9: 53 | J9: Sortie Chaine | K9: 35 | L9: 65 | M9: 65 | V9: =+IF(COUNTA(K9:U9)=0,0,W9/COUNTA(K9:U9)) -> 55 | W9: =+SUM(K9:U9) -> 165 | X9: =+W9+Y9 -> 2207 | Y9: 2042 | Z9: =+X8-X9 -> 1546 | AA9: =+IF(((W10+(W11/2))*60)=0,"",(G9*W9)/((W10+(W11/2))*60)) -> 0.96823404 | AD9: =+W9*G9 -> 6826.05
B10: =+B9 -> 2 | H10: EFF | I10: EFF | J10: Effectifs | K10: 36 | L10: 40 | M10: 40 | W10: =+SUM(K10:U10) -> 116 | AC10: =+W10*60 -> 6960
B11: =+B9 -> 2 | H11: 52 | I11: 40.5 | J11: Stagiaire | K11: 1 | L11: 1 | M11: 1 | W11: =+SUM(K11:U11) -> 3 | Z11: =+Z9/(I9*8) -> 3.6462264 | AC11: =+W11*30 -> 90
B12: =+B13 -> 3 | G12: VT | H12: P/H | I12: P/H | J12: Entre Chaine | R12: 282 | W12: =+SUM(K12:U12) -> 282 | X12: =+Y12+W12 -> 13786 | Y12: 13504
B13: 3 | C13: 037-20 | D13: LUSO | E13: 4043-100-093 | F13: Veste | G13: 49.99 | H13: 50 | I13: 50 | J13: Sortie Chaine | K13: 50 | L13: 50 | M13: 50 | N13: 50 | O13: 50 | P13: 50 | Q13: 50 | R13: 58 | V13: =+IF(COUNTA(K13:U13)=0,0,W13/COUNTA(K13:U13)) -> 51 | W13: =+SUM(K13:U13) -> 408 | X13: =+W13+Y13 -> 12752 | Y13: 12344 | Z13: =+X12-X13 -> 1034 | AA13: =+IF(((W14+(W15/2))*60)=0,"",(G13*W13)/((W14+(W15/2))*60)) -> 0.91873514 | AD13: =+W13*G13 -> 20395.92
B14: =+B13 -> 3 | H14: EFF | I14: EFF | J14: Effectifs | K14: 42 | L14: 44 | M14: 44 | N14: 44 | O14: 45 | P14: 45 | Q14: 45 | R14: 45 | W14: =+SUM(K14:U14) -> 354 | AC14: =+W14*60 -> 21240
B15: =+B13 -> 3 | H15: 46 | I15: 46 | J15: Stagiaire | K15: 4 | L15: 4 | M15: 4 | N15: 4 | O15: 4 | P15: 4 | Q15: 4 | R15: 4 | W15: =+SUM(K15:U15) -> 32 | Z15: =+Z13/(I13*8) -> 2.585 | AC15: =+W15*30 -> 960
B16: =+B17 -> 3 | G16: VT | H16: P/H | I16: P/H | J16: Entre Chaine | R16: 126 | W16: =+SUM(K16:U16) -> 126 | X16: 126 | Y16: 13504
B17: 3 | C17: 037-20 | D17: LUSO | E17: 4043-800-063 | F17: Veste | J17: Sortie Chaine | V17: =+IF(COUNTA(K17:U17)=0,0,W17/COUNTA(K17:U17)) -> 0 | W17: =+SUM(K17:U17) -> 0 | Y17: 12344 | Z17: =+X16-X17 -> 126 | AA17: =+IF(((W18+(W19/2))*60)=0,"",(G17*W17)/((W18+(W19/2))*60)) | AD17: =+W17*G17 -> 0
B18: =+B17 -> 3 | H18: EFF | I18: EFF | J18: Effectifs | W18: =+SUM(K18:U18) -> 0 | AC18: =+W18*60 -> 0
B19: =+B17 -> 3 | J19: Stagiaire | W19: =+SUM(K19:U19) -> 0 | Z19: =+Z17/(I17*8) -> #DIV/0! | AC19: =+W19*30 -> 0
B20: =+B21 -> 4 | G20: VT | H20: P/H | I20: P/H | J20: Entre Chaine | W20: =+SUM(K20:U20) -> 0 | X20: 1580 | Y20: 1325
B21: 4 | C21: 074-20 | D21: Imprima | E21: ZALI01 LOUP CHINE | F21: Manteau | G21: 51.86 | H21: 60 | I21: 35 | J21: Sortie Chaine | K21: 40 | L21: 20 | M21: 10 | V21: =+IF(COUNTA(K21:U21)=0,0,W21/COUNTA(K21:U21)) -> 23.333333 | W21: =+SUM(K21:U21) -> 70 | X21: =972+W21 -> 1042 | Y21: 659 | Z21: =+X20-X21 -> 538 | AA21: =+IF(((W22+(W23/2))*60)=0,"",(G21*W21)/((W22+(W23/2))*60)) -> 0.50843137 | AD21: =+W21*G21 -> 3630.2
B22: =+B21 -> 4 | H22: EFF | I22: EFF | J22: Effectifs | K22: 39 | L22: 38 | M22: 36 | W22: =+SUM(K22:U22) -> 113 | AC22: =+W22*60 -> 6780
B23: =+B21 -> 4 | H23: 52 | I23: 47 | J23: Stagiaire | K23: 4 | L23: 4 | M23: 4 | W23: =+SUM(K23:U23) -> 12 | Z23: =+Z21/(I21*8) -> 1.9214286 | AC23: =+W23*30 -> 360
B24: =+B25 -> 4 | G24: VT | H24: P/H | I24: P/H | J24: Entre Chaine | K24: 30 | L24: 30 | M24: 30 | N24: 30 | W24: =+SUM(K24:U24) -> 120 | X24: 90 | Y24: 1325
B25: 4 | C25: 105-20 | D25: Mango | E25: 701366 will | F25: Manteau | I25: 40 | J25: Sortie Chaine | V25: =+IF(COUNTA(K25:U25)=0,0,W25/COUNTA(K25:U25)) -> 0 | W25: =+SUM(K25:U25) -> 0 | Y25: 659 | Z25: =+X24-X25 -> 90 | AA25: =+IF(((W26+(W27/2))*60)=0,"",(G25*W25)/((W26+(W27/2))*60)) -> 0 | AD25: =+W25*G25 -> 0
B26: =+B25 -> 4 | H26: EFF | I26: EFF | J26: Effectifs | K26: 6 | L26: 7 | M26: 9 | W26: =+SUM(K26:U26) -> 22 | AC26: =+W26*60 -> 1320
B27: =+B25 -> 4 | J27: Stagiaire | W27: =+SUM(K27:U27) -> 0 | Z27: =+Z25/(I25*8) -> 0.28125 | AC27: =+W27*30 -> 0
B28: =+B29 -> 6 | G28: VT | H28: P/H | I28: P/H | J28: Entre Chaine | K28: 75 | L28: 75 | M28: 75 | N28: 75 | W28: =+SUM(K28:U28) -> 300 | X28: =+Y28+W28 -> 5050 | Y28: 4750
B29: 6 | C29: 071-20 | D29: LUSO | E29: 4043-257-721 | F29: Veste | G29: 43.38 | H29: 62 | I29: 58 | J29: Sortie Chaine | K29: 58 | L29: 58 | M29: 50 | V29: =+IF(COUNTA(K29:U29)=0,0,W29/COUNTA(K29:U29)) -> 55.333333 | W29: =+SUM(K29:U29) -> 166 | X29: =+W29+Y29 -> 4451 | Y29: 4285 | Z29: =+X28-X29 -> 599 | AA29: =+IF(((W30+(W31/2))*60)=0,"",(G29*W29)/((W30+(W31/2))*60)) -> 0.87285818 | AD29: =+W29*G29 -> 7201.08
B30: =+B29 -> 6 | H30: EFF | I30: EFF | J30: Effectifs | K30: 43 | L30: 45 | M30: 45 | W30: =+SUM(K30:U30) -> 133 | AC30: =+W30*60 -> 7980
B31: =+B29 -> 6 | H31: 50 | I31: 46.5 | J31: Stagiaire | K31: 3 | L31: 3 | M31: 3 | W31: =+SUM(K31:U31) -> 9 | Z31: =+Z29/(I29*8) -> 1.2909483 | AC31: =+W31*30 -> 270
B32: =+B33 -> 7 | G32: VT | H32: P/H | I32: P/H | J32: Entre Chaine | R32: 500 | W32: =+SUM(K32:U32) -> 500 | X32: =+Y32+W32 -> 2900 | Y32: 2400
B33: 7 | C33: 093-20 | D33: Stear | E33: 8168-289-069 | F33: Robe | G33: 38 | H33: 65 | I33: 62 | J33: Sortie Chaine | K33: 40 | L33: 60 | M33: 60 | N33: 60 | O33: 26 | P33: 60 | Q33: 60 | R33: 60 | V33: =+IF(COUNTA(K33:U33)=0,0,W33/COUNTA(K33:U33)) -> 53.25 | W33: =+SUM(K33:U33) -> 426 | X33: =+W33+Y33 -> 1906 | Y33: 1480 | Z33: =+X32-X33 -> 994 | AA33: =+IF(((W34+(W35/2))*60)=0,"",(G33*W33)/((W34+(W35/2))*60)) -> 0.74019204 | AD33: =+W33*G33 -> 16188
B34: =+B33 -> 7 | H34: EFF | I34: EFF | J34: Effectifs | K34: 39 | L34: 42 | M34: 42 | N34: 46 | O34: 46 | P34: 46 | Q34: 46 | R34: 46 | W34: =+SUM(K34:U34) -> 353 | AC34: =+W34*60 -> 21180
B35: =+B33 -> 7 | H35: 46 | I35: 43.5 | J35: Stagiaire | K35: 2 | L35: 3 | M35: 3 | N35: 3 | O35: 3 | P35: 3 | Q35: 3 | R35: 3 | W35: =+SUM(K35:U35) -> 23 | Z35: =+Z33/(I33*8) -> 2.0040323 | AC35: =+W35*30 -> 690
B36: =+B37 -> 8 | G36: VT | H36: P/H | I36: P/H | J36: Entre Chaine | K36: 1450 | L36: 1450 | M36: 1450 | N36: 2175 | W36: =+SUM(K36:U36) -> 6525 | X36: =+Y36+W36 -> 37761 | Y36: 31236
B37: 8 | D37: Sweet | E37: Masque | F37: Masque | G37: 2.53 | I37: 1089 | J37: Sortie Chaine | K37: 1050 | L37: 1100 | M37: 1100 | V37: =+IF(COUNTA(K37:U37)=0,0,W37/COUNTA(K37:U37)) -> 1083.3333 | W37: =+SUM(K37:U37) -> 3250 | X37: =+W37+Y37 -> 26540 | Y37: 23290 | Z37: =+X36-X37 -> 11221 | AA37: =+IF(((W38+(W39/2))*60)=0,"",(G37*W37)/((W38+(W39/2))*60)) -> 0.90756071 | AD37: =+W37*G37 -> 8222.5
B38: =+B37 -> 8 | H38: EFF | I38: EFF | J38: Effectifs | K38: 48 | L38: 50 | M38: 50 | W38: =+SUM(K38:U38) -> 148 | AC38: =+W38*60 -> 8880
B39: =+B37 -> 8 | I39: 51 | J39: Stagiaire | K39: 2 | L39: 2 | M39: 2 | W39: =+SUM(K39:U39) -> 6 | Z39: =+Z37/(I37*8) -> 1.2879936 | AC39: =+W39*30 -> 180
B40: =+B41 -> 9 | G40: VT | H40: P/H | I40: P/H | J40: Entre Chaine | R40: 7645 | W40: =+SUM(K40:U40) -> 7645 | X40: =+Y40+W40 -> 24183 | Y40: 16538
B41: 9 | D41: Sweet | E41: Masque | F41: Masque | G41: 2.83 | H41: 1067 | I41: 1046 | J41: Sortie Chaine | K41: 700 | L41: 1000 | M41: 1050 | N41: 1100 | O41: 1100 | P41: 1125 | Q41: 1100 | R41: 1100 | V41: =+IF(COUNTA(K41:U41)=0,0,W41/COUNTA(K41:U41)) -> 1034.375 | W41: =+SUM(K41:U41) -> 8275 | X41: =+W41+Y41 -> 21226 | Y41: 12951 | Z41: =+X40-X41 -> 2957 | AA41: =+IF(((W42+(W43/2))*60)=0,"",(G41*W41)/((W42+(W43/2))*60)) -> 0.99567389 | AD41: =+W41*G41 -> 23418.25
B42: =+B41 -> 9 | H42: EFF | I42: EFF | J42: Effectifs | K42: 41 | L42: 47 | M42: 47 | N42: 47 | O42: 47 | P42: 49 | Q42: 49 | R42: 49 | W42: =+SUM(K42:U42) -> 376 | AC42: =+W42*60 -> 22560
B43: =+B41 -> 9 | H43: 50 | I43: 49 | J43: Stagiaire | K43: 4 | L43: 4 | M43: 4 | N43: 4 | O43: 4 | P43: 4 | Q43: 4 | R43: 4 | W43: =+SUM(K43:U43) -> 32 | Z43: =+Z41/(I41*8) -> 0.35336998 | AC43: =+W43*30 -> 960
B44: =+B45 -> 11 | G44: VT | H44: P/H | I44: P/H | J44: Entre Chaine | L44: 100 | W44: =+SUM(K44:U44) -> 100 | X44: =+Y44+W44 -> 1500 | Y44: 1400
B45: 11 | C45: 100-20 | D45: Stear | E45: 8150-305-942 | F45: Chemise | G45: 29.78 | H45: 100 | I45: 60 | J45: Sortie Chaine | K45: 0 | L45: 0 | M45: 0 | V45: =+IF(COUNTA(K45:U45)=0,0,W45/COUNTA(K45:U45)) -> 0 | W45: =+SUM(K45:U45) -> 0 | X45: 308 | Y45: 0 | Z45: =+X44-X45 -> 1192 | AA45: =+IF(((W46+(W47/2))*60)=0,"",(G45*W45)/((W46+(W47/2))*60)) -> 0 | AD45: =+W45*G45 -> 0
B46: =+B45 -> 11 | H46: EFF | I46: EFF | J46: Effectifs | K46: 36 | L46: 42 | M46: 42 | W46: =+SUM(K46:U46) -> 120 | AC46: =+W46*60 -> 7200
B47: =+B45 -> 11 | H47: 52 | I47: 43.5 | J47: Stagiaire | K47: 2 | L47: 3 | M47: 3 | W47: =+SUM(K47:U47) -> 8 | Z47: =+Z45/(I45*8) -> 2.4833333 | AC47: =+W47*30 -> 240
B48: =+B49 -> 12 | G48: VT | H48: P/H | I48: P/H | J48: Entre Chaine | R48: 600 | W48: =+SUM(K48:U48) -> 600 | X48: =+Y48+W48 -> 4450 | Y48: 3850
B49: 12 | C49: 091-20 | D49: Stear | E49: 8223-431-800 | F49: Bermuda | G49: 28 | H49: 90 | I49: 90 | J49: Sortie Chaine | K49: 40 | L49: 60 | M49: 90 | N49: 90 | O49: 71 | P49: 60 | Q49: 120 | R49: 190 | V49: =+IF(COUNTA(K49:U49)=0,0,W49/COUNTA(K49:U49)) -> 90.125 | W49: =+SUM(K49:U49) -> 721 | X49: =+W49+Y49 -> 3607 | Y49: 2886 | Z49: =+X48-X49 -> 843 | AA49: =+IF(((W50+(W51/2))*60)=0,"",(G49*W49)/((W50+(W51/2))*60)) -> 0.9752657 | AD49: =+W49*G49 -> 20188
B50: =+B49 -> 12 | H50: EFF | I50: EFF | J50: Effectifs | K50: 43 | L50: 42 | M50: 42 | N50: 42 | O50: 42 | P50: 42 | Q50: 42 | R50: 42 | W50: =+SUM(K50:U50) -> 337 | AC50: =+W50*60 -> 20220
B51: =+B49 -> 12 | H51: 44 | I51: 44 | J51: Stagiaire | K51: 2 | L51: 2 | M51: 2 | N51: 2 | O51: 2 | P51: 2 | Q51: 2 | R51: 2 | W51: =+SUM(K51:U51) -> 16 | Z51: =+Z49/(I49*8) -> 1.1708333 | AC51: =+W51*30 -> 480
B52: =+B53 -> 13 | G52: VT | H52: P/H | I52: P/H | J52: Entre Chaine | K52: 66 | L52: 72 | M52: 109 | N52: 103 | W52: =+SUM(K52:U52) -> 350 | X52: =+Y52+W52 -> 6222 | Y52: 5872
B53: 13 | C53: 043-20 | D53: Stear | E53: 8138-495-172 | F53: Mono | G53: 35.19 | H53: 84 | I53: 73 | J53: Sortie Chaine | K53: 73 | L53: 73 | M53: 73 | V53: =+IF(COUNTA(K53:U53)=0,0,W53/COUNTA(K53:U53)) -> 73 | W53: =+SUM(K53:U53) -> 219 | X53: =+W53+Y53 -> 4976 | Y53: 4757 | Z53: =+X52-X53 -> 1246 | AA53: =+IF(((W54+(W55/2))*60)=0,"",(G53*W53)/((W54+(W55/2))*60)) -> 0.92074194 | AD53: =+W53*G53 -> 7706.61
B54: =+B53 -> 13 | H54: EFF | I54: EFF | J54: Effectifs | K54: 41 | L54: 44 | M54: 44 | W54: =+SUM(K54:U54) -> 129 | AC54: =+W54*60 -> 7740
B55: =+B53 -> 13 | H55: 52 | I55: 47.5 | J55: Stagiaire | K55: 7 | L55: 7 | M55: 7 | W55: =+SUM(K55:U55) -> 21 | Z55: =+Z53/(I53*8) -> 2.1335616 | AC55: =+W55*30 -> 630
B56: =+B57 -> 14 | G56: VT | H56: P/H | I56: P/H | J56: Entre Chaine | R56: 300 | W56: =+SUM(K56:U56) -> 300 | X56: =+Y56+W56 -> 3000 | Y56: 2700
B57: 14 | C57: 092-20 | D57: Stear | E57: 8147-287-330 | F57: Robe | G57: 40.05 | H57: 57 | I57: 63 | J57: Sortie Chaine | K57: 45 | L57: 40 | M57: 50 | N57: 50 | O57: 50 | P57: 55 | Q57: 55 | R57: 55 | V57: =+IF(COUNTA(K57:U57)=0,0,W57/COUNTA(K57:U57)) -> 50 | W57: =+SUM(K57:U57) -> 400 | X57: =+W57+Y57 -> 1689 | Y57: 1289 | Z57: =+X56-X57 -> 1311 | AA57: =+IF(((W58+(W59/2))*60)=0,"",(G57*W57)/((W58+(W59/2))*60)) -> 0.74373259 | AD57: =+W57*G57 -> 16020
B58: =+B57 -> 14 | H58: EFF | I58: EFF | J58: Effectifs | K58: 41 | L58: 42 | M58: 42 | N58: 42 | O58: 42 | P58: 42 | Q58: 42 | R58: 42 | W58: =+SUM(K58:U58) -> 335 | AC58: =+W58*60 -> 20100
B59: =+B57 -> 14 | H59: 42 | I59: 46.5 | J59: Stagiaire | K59: 6 | L59: 6 | M59: 6 | N59: 6 | O59: 6 | P59: 6 | Q59: 6 | R59: 6 | W59: =+SUM(K59:U59) -> 48 | Z59: =+Z57/(I57*8) -> 2.6011905 | AC59: =+W59*30 -> 1440
B60: =+B61 -> 15 | G60: VT | H60: P/H | I60: P/H | J60: Entre Chaine | L60: 100 | W60: =+SUM(K60:U60) -> 100 | X60: =+Y60+W60 -> 4200 | Y60: 4100
B61: 15 | C61: 076-20 | D61: Stear | E61: 8160-275-330 | F61: Mono | G61: 43.07 | H61: 69 | I61: 61 | J61: Sortie Chaine | K61: 33 | L61: 50 | M61: 32 | V61: =+IF(COUNTA(K61:U61)=0,0,W61/COUNTA(K61:U61)) -> 38.333333 | W61: =+SUM(K61:U61) -> 115 | X61: =+W61+Y61 -> 3124 | Y61: 3009 | Z61: =+X60-X61 -> 1076 | AA61: =+IF(((W62+(W63/2))*60)=0,"",(G61*W61)/((W62+(W63/2))*60)) -> 0.57727855 | AD61: =+W61*G61 -> 4953.05
B62: =+B61 -> 15 | H62: EFF | I62: EFF | J62: Effectifs | K62: 44 | L62: 48 | M62: 48 | W62: =+SUM(K62:U62) -> 140 | AC62: =+W62*60 -> 8400
B63: =+B61 -> 15 | H63: 52 | I63: 49 | J63: Stagiaire | K63: 2 | L63: 2 | M63: 2 | W63: =+SUM(K63:U63) -> 6 | Z63: =+Z61/(I61*8) -> 2.204918 | AC63: =+W63*30 -> 180
B64: =+B65 -> 16 | G64: VT | H64: P/H | I64: P/H | J64: Entre Chaine | R64: 286 | W64: =+SUM(K64:U64) -> 286 | X64: =+Y64+W64 -> 5336 | Y64: 5050
B65: 16 | C65: 071-20 | D65: LUSO | E65: 4043-257-721 | F65: Veste | G65: 43.38 | H65: =+H67*60*0.9/G65 -> 49.792531 | I65: 54 | J65: Sortie Chaine | K65: 40 | L65: 40 | M65: 68 | N65: 68 | O65: 54 | P65: 54 | Q65: 54 | R65: 54 | V65: =+IF(COUNTA(K65:U65)=0,0,W65/COUNTA(K65:U65)) -> 54 | W65: =+SUM(K65:U65) -> 432 | X65: =+W65+Y65 -> 4484 | Y65: 4052 | Z65: =+X64-X65 -> 852 | AA65: =+IF(((W66+(W67/2))*60)=0,"",(G65*W65)/((W66+(W67/2))*60)) -> 0.9027052 | AD65: =+W65*G65 -> 18740.16
B66: =+B65 -> 16 | H66: EFF | I66: EFF | J66: Effectifs | K66: 40 | L66: 42 | M66: 42 | N66: 42 | O66: 42 | P66: 42 | Q66: 42 | R66: 42 | W66: =+SUM(K66:U66) -> 334 | AC66: =+W66*60 -> 20040
B67: =+B65 -> 16 | H67: 40 | I67: 43.5 | J67: Stagiaire | K67: 3 | L67: 3 | M67: 3 | N67: 3 | O67: 3 | P67: 3 | Q67: 3 | R67: 3 | W67: =+SUM(K67:U67) -> 24 | Z67: =+Z65/(I65*8) -> 1.9722222 | AC67: =+W67*30 -> 720
B68: =+B69 -> 17 | G68: VT | H68: P/H | I68: P/H | J68: Entre Chaine | K68: 1450 | L68: 1450 | M68: 1450 | W68: =+SUM(K68:U68) -> 4350 | X68: =+Y68+W68 -> 34811 | Y68: 30461
B69: 17 | D69: Sweet | E69: Masque | F69: Masque | G69: 2.53 | I69: 1067 | J69: Sortie Chaine | K69: 850 | L69: 1100 | M69: 1000 | V69: =+IF(COUNTA(K69:U69)=0,0,W69/COUNTA(K69:U69)) -> 983.33333 | W69: =+SUM(K69:U69) -> 2950 | X69: =+W69+Y69 -> 23187 | Y69: 20237 | Z69: =+X68-X69 -> 11624 | AA69: =+IF(((W70+(W71/2))*60)=0,"",(G69*W69)/((W70+(W71/2))*60)) -> 0.84048423 | AD69: =+W69*G69 -> 7463.5
B70: =+B69 -> 17 | H70: EFF | I70: EFF | J70: Effectifs | K70: 47 | L70: 49 | M70: 49 | W70: =+SUM(K70:U70) -> 145 | AC70: =+W70*60 -> 8700
B71: =+B69 -> 17 | I71: 50 | J71: Stagiaire | K71: 2 | L71: 2 | M71: 2 | W71: =+SUM(K71:U71) -> 6 | Z71: =+Z69/(I69*8) -> 1.3617619 | AC71: =+W71*30 -> 180
B72: =+B73 -> 18 | G72: VT | H72: P/H | I72: P/H | J72: Entre Chaine | R72: 10798 | W72: =+SUM(K72:U72) -> 10798 | X72: =+Y72+W72 -> 34634 | Y72: 23836
B73: 18 | D73: Sweet | E73: Masque | F73: Masque | G73: 2.83 | H73: 1067 | I73: 1067 | J73: Sortie Chaine | K73: 1000 | L73: 1000 | M73: 1000 | N73: 1200 | O73: 1040 | P73: 1100 | Q73: 1150 | R73: =800+250 -> 1050 | V73: =+IF(COUNTA(K73:U73)=0,0,W73/COUNTA(K73:U73)) -> 1067.5 | W73: =+SUM(K73:U73) -> 8540 | X73: =+W73+Y73 -> 28775 | Y73: 20235 | Z73: =+X72-X73 -> 5859 | AA73: =+IF(((W74+(W75/2))*60)=0,"",(G73*W73)/((W74+(W75/2))*60)) -> 0.99212644 | AD73: =+W73*G73 -> 24168.2
B74: =+B73 -> 18 | H74: EFF | I74: EFF | J74: Effectifs | K74: 49 | L74: 49 | M74: 49 | N74: 49 | O74: 49 | P74: 51 | Q74: 51 | R74: 51 | W74: =+SUM(K74:U74) -> 398 | AC74: =+W74*60 -> 23880
B75: =+B73 -> 18 | H75: 50 | I75: 50 | J75: Stagiaire | K75: 2 | L75: 2 | M75: 2 | N75: 2 | O75: 2 | P75: 2 | Q75: 2 | R75: 2 | W75: =+SUM(K75:U75) -> 16 | Z75: =+Z73/(I73*8) -> 0.68638707 | AC75: =+W75*30 -> 480
B76: =+B77 -> 19 | G76: VT | H76: P/H | I76: P/H | J76: Entre Chaine | K76: 100 | L76: 100 | M76: 100 | W76: =+SUM(K76:U76) -> 300 | X76: =+Y76+W76 -> 2900 | Y76: 2600
B77: 19 | C77: 092-20 | D77: LUSO | E77: 8147-287-330 | F77: Robe | G77: 40.05 | H77: 67 | I77: 60 | J77: Sortie Chaine | K77: 35 | L77: 45 | M77: 55 | V77: =+IF(COUNTA(K77:U77)=0,0,W77/COUNTA(K77:U77)) -> 45 | W77: =+SUM(K77:U77) -> 135 | X77: =+W77+Y77 -> 1495 | Y77: 1360 | Z77: =+X76-X77 -> 1405 | AA77: =+IF(((W78+(W79/2))*60)=0,"",(G77*W77)/((W78+(W79/2))*60)) -> 0.69051724 | AD77: =+W77*G77 -> 5406.75
B78: =+B77 -> 19 | H78: EFF | I78: EFF | J78: Effectifs | K78: 40 | L78: 43 | M78: 43 | W78: =+SUM(K78:U78) -> 126 | AC78: =+W78*60 -> 7560
B79: =+B77 -> 19 | H79: 50 | I79: 44.5 | J79: Stagiaire | K79: 3 | L79: 3 | M79: 3 | W79: =+SUM(K79:U79) -> 9 | Z79: =+Z77/(I77*8) -> 2.9270833 | AC79: =+W79*30 -> 270

Sheet 02-04-2022
B1: LA FICHE DE PRODUCTION DES CHAÎNES E06.03C | AB1: EXL 009-20
A2: 77 | AB2: =+AF2/AE2 -> 3.6857333 | AE2: =+SUBTOTAL(9,AE6:AE103) -> 7200 | AF2: =+SUBTOTAL(9,AF6:AF103) -> 26537.28
J3: HEURES SAISIE | L3: 7:10 | M3: 8:10 | N3: 9:10 | O3: 10:10 | P3: 11:25 | Q3: 12:25 | R3: 13:25 | S3: 14:25 | T3: 15:00
B4: CODERSA S.A.R.L. | J4: Fin Heure | L4: 6:45 | M4: 7:45 | N4: 8:45 | O4: 9:45 | P4: 11:00 | Q4: 12:00 | R4: 13:00 | S4: 14:00 | T4: 15:00 | W4: Sortie Chaine | Y4: =+X87 -> 538 | Z4: DATE : | AB4: 44653 | AD4: =+SUM(AD6:AD91) -> 120
B5: CH | C5: IMPORT | E5: CLIENT | F5: MODELE | G5: QTE PREVU | H5: DESIG | I5: METHODES | L5: 1 | M5: 2 | N5: 3 | O5: 4 | P5: 5 | Q5: 6 | R5: 7 | S5: 8 | T5: 9 | U5: 10 | V5: 11 | W5: Moy | X5: H.Lancement | Y5: Total | Z5: Cumul | AB5: Encours | AC5: R%
B6: =+B7 -> 1 | I6: VT | J6: P/H | K6: Entre Chaine | X6: =+W8 -> -53 | Y6: =+SUM(L6:V6) -> 0 | Z6: =+AA6+Y6 -> 3954 | AA6: 3954
B7: 1 | C7: 029-22 | E7: Stear | F7: 2198-799-712 | G7: 5038 | H7: Veste | I7: 58.92 | J7: 53 | K7: Sortie Chaine | W7: =+IF(COUNTA(L7:V7)=8,Y7/(COUNTA(L7:V7)-0.5),IF(COUNTA(L7:V7)=0,0,Y7/COUNTA(L7:V7))) -> 0 | Y7: =+SUM(L7:V7) -> 0 | Z7: =+Y7+AA7 -> 3126 | AA7: 3126 | AB7: =+Z6-Z7 -> 828 | AC7: =+IF(((Y8+(Y9/2))*60)=0,"",(I7*Y7)/((Y8+(Y9/2))*60)) | AF7: =+Y7*I7 -> 0
B8: =B7 -> 1 | D8: =+B7 -> 1 | F8: =+VLOOKUP(F7,'Obj Prix'!$H:$H,2,FALSE) -> #N/A | I8: 1 | J8: EFF | K8: Effectifs | W8: =+W7-J7 -> -53 | Y8: =+SUM(L8:V8)-S8/2 -> 0
B9: =B7 -> 1 | C9: HICHAM | D9: =+D8+100 -> 101 | F9: REDOUANE | H9: 2 PàM+4FL+Ctr | I9: =+IF(J9="","",IF(J7=0,"",(J7*I7)/(J9*60))) -> 0.91308772 | J9: 57 | K9: Stagiaire | X9: 7.85 | Y9: =+SUM(L9:V9)-S9/2 -> 0 | AB9: =+IFERROR(AB7/(J7*9),"") -> 1.7358491 | AD9: =+Y8+Y9/2 -> 0 | AE9: =+AD9*60 -> 0 | AG9: =+IF((Y7-J7*9)>=0,"",Y7-J7*9) -> -477
B10: =+B11 -> 2 | I10: VT | J10: P/H | K10: Entre Chaine | X10: =+W12 -> -55 | Y10: =+SUM(L10:V10) -> 0 | Z10: =+AA10+Y10 -> 9370 | AA10: 9370 | AE10: =+AD10*60 -> 0
B11: 2 | C11: 026-22 | E11: Denllo | F11: 2890-878-800 | G11: 9000 | H11: Gilet | I11: 51.85 | J11: 55 | K11: Sortie Chaine | W11: =+IF(COUNTA(L11:V11)=8,Y11/(COUNTA(L11:V11)-0.5),IF(COUNTA(L11:V11)=0,0,Y11/COUNTA(L11:V11))) -> 0 | Y11: =+SUM(L11:V11) -> 0 | Z11: =+Y11+AA11 -> 8462 | AA11: 8462 | AB11: =+Z10-Z11 -> 908 | AC11: =+IF(((Y12+(Y13/2))*60)=0,"",(I11*Y11)/((Y12+(Y13/2))*60)) | AE11: =+AD11*60 -> 0 | AF11: =+Y11*I11 -> 0
B12: =+B11 -> 2 | D12: =+B11 -> 2 | F12: =+VLOOKUP(F11,'Obj Prix'!$H:$H,2,FALSE) -> #N/A | J12: EFF | K12: Effectifs | W12: =+W11-J11 -> -55 | Y12: =+SUM(L12:V12)-S12/2 -> 0 | AE12: =+AD12*60 -> 0
B13: =+B11 -> 2 | C13: JAMAL | D13: =+D12+100 -> 102 | F13: REDOUANE | I13: =+IF(J13="","",IF(J11=0,"",(J11*I11)/(J13*60))) -> 0.91402244 | J13: 52 | K13: Stagiaire | X13: 6.39 | Y13: =+SUM(L13:V13)-S13/2 -> 0 | AB13: =+IFERROR(AB11/(J11*9),"") -> 1.8343434 | AD13: =+Y12+Y13/2 -> 0 | AE13: =+AD13*60 -> 0 | AG13: =+IF((Y11-J11*9)>=0,"",Y11-J11*9) -> -495
B14: =+B15 -> 3 | I14: VT | J14: P/H | K14: Entre Chaine | X14: =+W16 -> -53 | Y14: =+SUM(L14:V14) -> 0 | Z14: =+AA14+Y14 -> 4818 | AA14: 4818 | AE14: =+AD14*60 -> 0
B15: 3 | C15: 029-22 | E15: Stear | F15: 2198-799-712 | G15: 5038 | H15: Veste | I15: 58.92 | J15: 53 | K15: Sortie Chaine | W15: =+IF(COUNTA(L15:V15)=8,Y15/(COUNTA(L15:V15)-0.5),IF(COUNTA(L15:V15)=0,0,Y15/COUNTA(L15:V15))) -> 0 | Y15: =+SUM(L15:V15) -> 0 | Z15: =+Y15+AA15 -> 3982 | AA15: 3982 | AB15: =+Z14-Z15 -> 836 | AC15: =+IF(((Y16+(Y17/2))*60)=0,"",(I15*Y15)/((Y16+(Y17/2))*60)) | AE15: =+AD15*60 -> 0 | AF15: =+Y15*I15 -> 0
B16: =+B15 -> 3 | D16: =+B15 -> 3 | F16: =+VLOOKUP(F15,'Obj Prix'!$H:$H,2,FALSE) -> #N/A | I16: 1 | J16: EFF | K16: Effectifs | W16: =+W15-J15 -> -53 | Y16: =+SUM(L16:V16)-S16/2 -> 0 | AE16: =+AD16*60 -> 0
B17: =+B15 -> 3 | C17: KHALID | D17: =+D16+100 -> 103 | F17: REDOUANE | H17: 2 PàM+4FL+Ctr | I17: =+IF(J17="","",IF(J15=0,"",(J15*I15)/(J17*60))) -> 0.88213559 | J17: 59 | K17: Stagiaire | X17: 25.71 | Y17: =+SUM(L17:V17)-S17/2 -> 0 | AB17: =+IFERROR(AB15/(J15*9),"") -> 1.7526205 | AD17: =+Y16+Y17/2 -> 0 | AE17: =+AD17*60 -> 0 | AG17: =+IF((Y15-J15*9)>=0,"",Y15-J15*9) -> -477
B18: =+B19 -> 4 | I18: VT | J18: P/H | K18: Entre Chaine | X18: =+W20 -> -53 | Y18: =+SUM(L18:V18) -> 0 | Z18: =+AA18+Y18 -> 4381 | AA18: 4381 | AE18: =+AD18*60 -> 0
B19: 4 | C19: 029-22 | E19: Stear | F19: 2198-799-712 | G19: 5038 | H19: Veste | I19: 58.92 | J19: 53 | K19: Sortie Chaine | W19: =+IF(COUNTA(L19:V19)=8,Y19/(COUNTA(L19:V19)-0.5),IF(COUNTA(L19:V19)=0,0,Y19/COUNTA(L19:V19))) -> 0 | Y19: =+SUM(L19:V19) -> 0 | Z19: =+Y19+AA19 -> 3425 | AA19: 3425 | AB19: =+Z18-Z19 -> 956 | AC19: =+IF(((Y20+(Y21/2))*60)=0,"",(I19*Y19)/((Y20+(Y21/2))*60)) | AE19: =+AD19*60 -> 0 | AF19: =+Y19*I19 -> 0
B20: =+B19 -> 4 | C20: HAMID | D20: =+B19 -> 4 | F20: =+VLOOKUP(F19,'Obj Prix'!$H:$H,2,FALSE) -> #N/A | I20: 1 | J20: EFF | K20: Effectifs | W20: =+W19-J19 -> -53 | Y20: =+SUM(L20:V20)-S20/2 -> 0 | AE20: =+AD20*60 -> 0
B21: =+B19 -> 4 | D21: =+D20+100 -> 104 | F21: REDOUANE | H21: 2 PàM+4FL+Ctr | I21: =+IF(J21="","",IF(J19=0,"",(J19*I19)/(J21*60))) -> 0.88213559 | J21: 59 | K21: Stagiaire | X21: 32.67 | Y21: =+SUM(L21:V21)-S21/2 -> 0 | AB21: =+IFERROR(AB19/(J19*9),"") -> 2.0041929 | AD21: =+Y20+Y21/2 -> 0 | AE21: =+AD21*60 -> 0 | AG21: =+IF((Y19-J19*9)>=0,"",Y19-J19*9) -> -477
B22: =+B23 -> 5 | I22: VT | J22: P/H | K22: Entre Chaine | X22: =+W24 -> -50 | Y22: =+SUM(L22:V22) -> 0 | Z22: =+AA22+Y22 -> 4861 | AA22: 4861 | AE22: =+AD22*60 -> 0
B23: 5 | C23: 022-22 | E23: Denllo | F23: 3177-707-712 | G23: 5500 | H23: Veste | I23: 62.7 | J23: 50 | K23: Sortie Chaine | W23: =+IF(COUNTA(L23:V23)=8,Y23/(COUNTA(L23:V23)-0.5),IF(COUNTA(L23:V23)=0,0,Y23/COUNTA(L23:V23))) -> 0 | Y23: =+SUM(L23:V23) -> 0 | Z23: =+Y23+AA23 -> 4080 | AA23: 4080 | AB23: =+Z22-Z23 -> 781 | AC23: =+IF(((Y24+(Y25/2))*60)=0,"",(I23*Y23)/((Y24+(Y25/2))*60)) | AE23: =+AD23*60 -> 0 | AF23: =+Y23*I23 -> 0
B24: =+B23 -> 5 | D24: =+B23 -> 5 | F24: =+VLOOKUP(F23,'Obj Prix'!$H:$H,2,FALSE) -> #N/A | I24: 1 | J24: EFF | K24: Effectifs | W24: =+W23-J23 -> -50 | Y24: =+SUM(L24:V24)-S24/2 -> 0 | AE24: =+AD24*60 -> 0
B25: =+B23 -> 5 | C25: MOHAMMED | D25: =+D24+100 -> 105 | F25: TOURABI | H25: 2 PàM+1F | I25: =+IF(J25="","",IF(J23=0,"",(J23*I23)/(J25*60))) -> 0.90086207 | J25: 58 | K25: Stagiaire | X25: 11 | Y25: =+SUM(L25:V25)-S25/2 -> 0 | AB25: =+IFERROR(AB23/(J23*9),"") -> 1.7355556 | AD25: =+Y24+Y25/2 -> 0 | AE25: =+AD25*60 -> 0 | AG25: =+IF((Y23-J23*9)>=0,"",Y23-J23*9) -> -450
B26: =+B27 -> 7 | I26: VT | J26: P/H | K26: Entre Chaine | X26: =+W28 -> -50 | Y26: =+SUM(L26:V26) -> 0 | Z26: =+AA26+Y26 -> 5548 | AA26: 5548 | AE26: =+AD26*60 -> 0
B27: 7 | C27: 022-22 | E27: Denllo | F27: 3177-707-712 | G27: 5500 | H27: Veste | I27: 62.7 | J27: 50 | K27: Sortie Chaine | W27: =+IF(COUNTA(L27:V27)=8,Y27/(COUNTA(L27:V27)-0.5),IF(COUNTA(L27:V27)=0,0,Y27/COUNTA(L27:V27))) -> 0 | Y27: =+SUM(L27:V27) -> 0 | Z27: =+Y27+AA27 -> 4976 | AA27: 4976 | AB27: =+Z26-Z27 -> 572 | AC27: =+IF(((Y28+(Y29/2))*60)=0,"",(I27*Y27)/((Y28+(Y29/2))*60)) | AE27: =+AD27*60 -> 0 | AF27: =+Y27*I27 -> 0
B28: =+B27 -> 7 | D28: =+B27 -> 7 | F28: =+VLOOKUP(F27,'Obj Prix'!$H:$H,2,FALSE) -> #N/A | H28: 1 | I28: 3 | J28: EFF | K28: Effectifs | W28: =+W27-J27 -> -50 | Y28: =+SUM(L28:V28)-S28/2 -> 0 | AE28: =+AD28*60 -> 0
B29: =+B27 -> 7 | C29: YOUSSEF | D29: =+D28+100 -> 107 | F29: TOURABI | H29: 5 PAM 1fer+ 1 ct | I29: =+IF(J29="","",IF(J27=0,"",(J27*I27)/(J29*60))) -> 0.90086207 | J29: 58 | K29: Stagiaire | X29: 12.91 | Y29: =+SUM(L29:V29)-S29/2 -> 0 | AB29: =+IFERROR(AB27/(J27*9),"") -> 1.2711111 | AD29: =+Y28+Y29/2 -> 0 | AE29: =+AD29*60 -> 0 | AG29: =+IF((Y27-J27*9)>=0,"",Y27-J27*9) -> -450
B30: =+B31 -> 7 | I30: VT | J30: P/H | K30: Entre Chaine | X30: =+W32 -> 0 | Y30: =+SUM(L30:V30) -> 0 | Z30: =+AA30+Y30 -> 100 | AA30: 100 | AE30: =+AD30*60 -> 0
B31: 7 | C31: 039-22 | E31: sweet | F31: 221404197 | H31: chemise | K31: Sortie Chaine | W31: =+IF(COUNTA(L31:V31)=8,Y31/(COUNTA(L31:V31)-0.5),IF(COUNTA(L31:V31)=0,0,Y31/COUNTA(L31:V31))) -> 0 | Y31: =+SUM(L31:V31) -> 0 | Z31: =+Y31+AA31 -> 0 | AA31: 0 | AB31: =+Z30-Z31 -> 100 | AC31: =+IF(((Y32+(Y33/2))*60)=0,"",(I31*Y31)/((Y32+(Y33/2))*60)) | AE31: =+AD31*60 -> 0 | AF31: =+Y31*I31 -> 0
B32: =+B31 -> 7 | D32: =+B31 -> 7 | F32: =+VLOOKUP(F31,'Obj Prix'!$H:$H,2,FALSE) -> #N/A | J32: EFF | K32: Effectifs | W32: =+W31-J31 -> 0 | Y32: =+SUM(L32:V32)-S32/2 -> 0 | AE32: =+AD32*60 -> 0
B33: =+B31 -> 7 | C33: YOUSSEF | D33: =+D32+100 -> 107 | F33: TOURABI | H33: 5 PAM 1fer+ 1 ct | I33: =+IF(J33="","",IF(J31=0,"",(J31*I31)/(J33*60))) | J33: 58 | K33: Stagiaire | X33: =+(COUNTA(L31:V31)-(Y31/J31)) -> #DIV/0! | Y33: =+SUM(L33:V33)-S33/2 -> 0 | AB33: =+IFERROR(AB31/(J31*9),"") | AD33: =+Y32+Y33/2 -> 0 | AE33: =+AD33*60 -> 0 | AG33: =+IF((Y31-J31*9)>=0,"",Y31-J31*9)
B34: =+B35 -> 8 | I34: VT | J34: P/H | K34: Entre Chaine | X34: =+W36 -> -55 | Y34: =+SUM(L34:V34) -> 0 | Z34: =+AA34+Y34 -> 10253 | AA34: 10253 | AE34: =+AD34*60 -> 0
B35: 8 | C35: 020-22 | E35: Stear | F35: 2218-232-251 | G35: 7500 | H35: Veste | I35: 54.22 | J35: 55 | K35: Sortie Chaine | W35: =+IF(COUNTA(L35:V35)=8,Y35/(COUNTA(L35:V35)-0.5),IF(COUNTA(L35:V35)=0,0,Y35/COUNTA(L35:V35))) -> 0 | Y35: =+SUM(L35:V35) -> 0 | Z35: =+Y35+AA35 -> 9903 | AA35: 9903 | AB35: =+Z34-Z35 -> 350 | AC35: =+IF(((Y36+(Y37/2))*60)=0,"",(I35*Y35)/((Y36+(Y37/2))*60)) | AE35: =+AD35*60 -> 0 | AF35: =+Y35*I35 -> 0
B36: =+B35 -> 8 | D36: =+B35 -> 8 | F36: =+VLOOKUP(F35,'Obj Prix'!$H:$H,2,FALSE) -> #N/A | H36: 1 | I36: 2 | J36: EFF | K36: Effectifs | W36: =+W35-J35 -> -55 | Y36: =+SUM(L36:V36)-S36/2 -> 0 | AE36: =+AD36*60 -> 0
B37: =+B35 -> 8 | C37: OTMAN | D37: =+D36+100 -> 108 | F37: AMINE | I37: =+IF(J37="","",IF(J35=0,"",(J35*I35)/(J37*60))) -> 0.90366667 | J37: 55 | K37: Stagiaire | X37: 8.09 | Y37: =+SUM(L37:V37)-S37/2 -> 0 | AB37: =+IFERROR(AB35/(J35*9),"") -> 0.70707071 | AD37: =+Y36+Y37/2 -> 0 | AE37: =+AD37*60 -> 0 | AG37: =+IF((Y35-J35*9)>=0,"",Y35-J35*9) -> -495
B38: =+B39 -> 9 | I38: VT | J38: P/H | K38: Entre Chaine | X38: =+W40 -> -53 | Y38: =+SUM(L38:V38) -> 0 | Z38: =+AA38+Y38 -> 4621 | AA38: 4621 | AE38: =+AD38*60 -> 0
B39: 9 | C39: 029-22 | E39: Stear | F39: 2198-799-712 | G39: 5038 | H39: Veste | I39: 61.42 | J39: 53 | K39: Sortie Chaine | W39: =+IF(COUNTA(L39:V39)=8,Y39/(COUNTA(L39:V39)-0.5),IF(COUNTA(L39:V39)=0,0,Y39/COUNTA(L39:V39))) -> 0 | Y39: =+SUM(L39:V39) -> 0 | Z39: =+Y39+AA39 -> 3611 | AA39: 3611 | AB39: =+Z38-Z39 -> 1010 | AC39: =+IF(((Y40+(Y41/2))*60)=0,"",(I39*Y39)/((Y40+(Y41/2))*60)) | AE39: =+AD39*60 -> 0 | AF39: =+Y39*I39 -> 0
B40: =+B39 -> 9 | F40: =+VLOOKUP(F39,'Obj Prix'!$H:$H,2,FALSE) -> #N/A | H40: 1 | I40: 2 | J40: EFF | K40: Effectifs | W40: =+W39-J39 -> -53 | Y40: =+SUM(L40:V40)-S40/2 -> 0 | AE40: =+AD40*60 -> 0
B41: =+B39 -> 9 | C41: HASSAN | D41: =+D40+100 -> 100 | F41: REDOUANE | H41: 3 PAM 4fer 1ct | I41: =+IF(J41="","",IF(J39=0,"",(J39*I39)/(J41*60))) -> 0.91956497 | J41: 59 | K41: Stagiaire | X41: 14.11 | Y41: =+SUM(L41:V41)-S41/2 -> 0 | AB41: =+IFERROR(AB39/(J39*9),"") -> 2.1174004 | AD41: =+Y40+Y41/2 -> 0 | AE41: =+AD41*60 -> 0 | AG41: =+IF((Y39-J39*9)>=0,"",Y39-J39*9) -> -477
B42: =+B43 -> 11 | I42: VT | J42: P/H | K42: Entre Chaine | X42: =+W44 -> -54 | Y42: =+SUM(L42:V42) -> 0 | Z42: =+AA42+Y42 -> 8085 | AA42: 8085 | AE42: =+AD42*60 -> 0
B43: 11 | C43: 023-22 | E43: Stear | F43: 2990-559-712 | G43: 7500 | H43: Veste | I43: 56.15 | J43: 54 | K43: Sortie Chaine | W43: =+IF(COUNTA(L43:V43)=8,Y43/(COUNTA(L43:V43)-0.5),IF(COUNTA(L43:V43)=0,0,Y43/COUNTA(L43:V43))) -> 0 | Y43: =+SUM(L43:V43) -> 0 | Z43: =+Y43+AA43 -> 8080 | AA43: 8080 | AB43: =+Z42-Z43 -> 5 | AC43: =+IF(((Y44+(Y45/2))*60)=0,"",(I43*Y43)/((Y44+(Y45/2))*60)) | AE43: =+AD43*60 -> 0 | AF43: =+Y43*I43 -> 0
B44: =+B43 -> 11 | F44: =+VLOOKUP(F43,'Obj Prix'!$H:$H,2,FALSE) -> #N/A | I44: 3 | J44: EFF | K44: Effectifs | W44: =+W43-J43 -> -54 | Y44: =+SUM(L44:V44)-S44/2 -> 0 | AE44: =+AD44*60 -> 0
B45: =+B43 -> 11 | C45: ABDRAZZAK | D45: =+D44+100 -> 100 | F45: AMINE | H45: 2 PàM+4FL+Ctr | I45: =+IF(J45="","",IF(J43=0,"",(J43*I43)/(J45*60))) -> 0.85652542 | J45: 59 | K45: Stagiaire | X45: 19.38 | Y45: =+SUM(L45:V45)-S45/2 -> 0 | AB45: =+IFERROR(AB43/(J43*9),"") -> 0.010288066 | AD45: =+Y44+Y45/2 -> 0 | AE45: =+AD45*60 -> 0 | AG45: =+IF((Y43-J43*9)>=0,"",Y43-J43*9) -> -486
B46: =+B47 -> 11 | I46: VT | J46: P/H | K46: Entre Chaine | X46: =+W48 -> -107 | Y46: =+SUM(L46:V46) -> 0 | Z46: =+AA46+Y46 -> 752 | AA46: 752 | AE46: =+AD46*60 -> 0
B47: 11 | C47: 034-22 | E47: Stear | F47: 3013-888-251 | G47: 6666 | H47: SKORT | I47: 27.28 | J47: 107 | K47: Sortie Chaine | W47: =+IF(COUNTA(L47:V47)=8,Y47/(COUNTA(L47:V47)-0.5),IF(COUNTA(L47:V47)=0,0,Y47/COUNTA(L47:V47))) -> 0 | Y47: =+SUM(L47:V47) -> 0 | Z47: =+Y47+AA47 -> 0 | AA47: 0 | AB47: =+Z46-Z47 -> 752 | AC47: =+IF(((Y48+(Y49/2))*60)=0,"",(I47*Y47)/((Y48+(Y49/2))*60)) | AE47: =+AD47*60 -> 0 | AF47: =+Y47*I47 -> 0
B48: =+B47 -> 11 | F48: =+VLOOKUP(F47,'Obj Prix'!$H:$H,2,FALSE) -> #N/A | J48: EFF | K48: Effectifs | W48: =+W47-J47 -> -107 | Y48: =+SUM(L48:V48)-S48/2 -> 0 | AE48: =+AD48*60 -> 0
B49: =+B47 -> 11 | C49: ABDRAZZAK | D49: =+D48+100 -> 100 | F49: AMINE | I49: =+IF(J49="","",IF(J47=0,"",(J47*I47)/(J49*60))) -> 0.85349708 | J49: 57 | K49: Stagiaire | X49: =6+(COUNTA(L47:V47)-(Y47/J47)) -> 6 | Y49: =+SUM(L49:V49)-S49/2 -> 0 | AB49: =+IFERROR(AB47/(J47*9),"") -> 0.78089304 | AD49: =+Y48+Y49/2 -> 0 | AE49: =+AD49*60 -> 0 | AG49: =+IF((Y47-J47*9)>=0,"",Y47-J47*9) -> -963
B50: =+B51 -> 12 | I50: VT | J50: P/H | K50: Entre Chaine | X50: =+W52 -> -107 | Y50: =+SUM(L50:V50) -> 0 | Z50: =+AA50+Y50 -> 6820 | AA50: 6820 | AE50: =+AD50*60 -> 0
B51: 12 | C51: 033-22 | E51: Stear | F51: 2291-888-800 | H51: CHORT | I51: 27.28 | J51: 107 | K51: Sortie Chaine | W51: =+IF(COUNTA(L51:V51)=8,Y51/(COUNTA(L51:V51)-0.5),IF(COUNTA(L51:V51)=0,0,Y51/COUNTA(L51:V51))) -> 0 | Y51: =+SUM(L51:V51) -> 0 | Z51: =+Y51+AA51 -> 5183 | AA51: 5183 | AB51: =+Z50-Z51 -> 1637 | AC51: =+IF(((Y52+(Y53/2))*60)=0,"",(I51*Y51)/((Y52+(Y53/2))*60)) -> 0 | AE51: =+AD51*60 -> 0 | AF51: =+Y51*I51 -> 0
B52: =+B51 -> 12 | D52: =+B51 -> 12 | F52: =+VLOOKUP(F51,'Obj Prix'!$H:$H,2,FALSE) -> #N/A | J52: EFF | K52: Effectifs | L52: 5 | M52: 5 | N52: 5 | O52: 5 | P52: 5 | Q52: 5 | R52: 5 | S52: 5 | W52: =+W51-J51 -> -107 | Y52: =+SUM(L52:V52)-S52/2 -> 37.5 | AE52: =+AD52*60 -> 0
B53: =+B51 -> 12 | C53: BACHIR | D53: =+D52+100 -> 112 | F53: AMINE | H53: 1PàM+2FL+Cont | I53: =+IF(J53="","",IF(J51=0,"",(J51*I51)/(J53*60))) -> 0.85349708 | J53: 57 | K53: Stagiaire | X53: 29.25 | Y53: =+SUM(L53:V53)-S53/2 -> 0 | AB53: =+IFERROR(AB51/(J51*9),"") -> 1.6998962 | AD53: =+Y52+Y53/2 -> 37.5 | AE53: =+AD53*60 -> 2250 | AG53: =+IF((Y51-J51*9)>=0,"",Y51-J51*9) -> -963
B54: =+B55 -> 13 | I54: VT | J54: P/H | K54: Entre Chaine | X54: =+W56 -> -77.933333 | Y54: =+SUM(L54:V54) -> 0 | Z54: =+AA54+Y54 -> 3418 | AA54: 3418 | AE54: =+AD54*60 -> 0
B55: 13 | C55: 032-22 | E55: Stear | F55: 3467-141-800 | H55: SHORT | I55: 26.81 | J55: 103 | K55: Sortie Chaine | L55: 25 | M55: 25 | N55: 25 | O55: 25 | P55: 25 | Q55: 25 | R55: 25 | S55: 13 | W55: =+IF(COUNTA(L55:V55)=8,Y55/(COUNTA(L55:V55)-0.5),IF(COUNTA(L55:V55)=0,0,Y55/COUNTA(L55:V55))) -> 25.066667 | Y55: =+SUM(L55:V55) -> 188 | Z55: =+Y55+AA55 -> 1539 | AA55: 1351 | AB55: =+Z54-Z55 -> 1879 | AC55: =+IF(((Y56+(Y57/2))*60)=0,"",(I55*Y55)/((Y56+(Y57/2))*60)) -> 1.6000889 | AE55: =+AD55*60 -> 0 | AF55: =+Y55*I55 -> 5040.28
B56: =+B55 -> 13 | F56: =+VLOOKUP(F55,'Obj Prix'!$H:$H,2,FALSE) -> #N/A | I56: 2 | J56: EFF | K56: Effectifs | L56: 7 | M56: 7 | N56: 7 | O56: 7 | P56: 7 | Q56: 7 | R56: 7 | S56: 7 | W56: =+W55-J55 -> -77.933333 | Y56: =+SUM(L56:V56)-S56/2 -> 52.5 | AE56: =+AD56*60 -> 0
B57: =+B55 -> 13 | C57: DENNI | D57: =+D56+100 -> 100 | F57: REDOUANE | H57: 1PàM+2FL+Cont | I57: =+IF(J57="","",IF(J55=0,"",(J55*I55)/(J57*60))) -> 0.83679697 | J57: 55 | K57: Stagiaire | X57: =17.14+(COUNTA(L55:V55)-(Y55/J55)) -> 23.314757 | Y57: =+SUM(L57:V57)-S57/2 -> 0 | AB57: =+IFERROR(AB55/(J55*9),"") -> 2.0269687 | AD57: =+Y56+Y57/2 -> 52.5 | AE57: =+AD57*60 -> 3150 | AG57: =+IF((Y55-J55*9)>=0,"",Y55-J55*9) -> -739
B58: =+B59 -> 14 | I58: VT | J58: P/H | K58: Entre Chaine | X58: =+W60 -> -50 | Y58: =+SUM(L58:V58) -> 0 | Z58: =+AA58+Y58 -> 3837 | AA58: 3837 | AE58: =+AD58*60 -> 0
B59: 14 | C59: 022-22 | E59: Denllo | F59: 3177-707-712 | G59: 5500 | H59: Veste | I59: 62.7 | J59: 50 | K59: Sortie Chaine | W59: =+IF(COUNTA(L59:V59)=8,Y59/(COUNTA(L59:V59)-0.5),IF(COUNTA(L59:V59)=0,0,Y59/COUNTA(L59:V59))) -> 0 | Y59: =+SUM(L59:V59) -> 0 | Z59: =+Y59+AA59 -> 3105 | AA59: 3105 | AB59: =+Z58-Z59 -> 732 | AC59: =+IF(((Y60+(Y61/2))*60)=0,"",(I59*Y59)/((Y60+(Y61/2))*60)) | AE59: =+AD59*60 -> 0 | AF59: =+Y59*I59 -> 0
B60: =+B59 -> 14 | D60: =+B59 -> 14 | F60: =+VLOOKUP(F59,'Obj Prix'!$H:$H,2,FALSE) -> #N/A | I60: 1 | J60: EFF | K60: Effectifs | W60: =+W59-J59 -> -50 | Y60: =+SUM(L60:V60)-S60/2 -> 0 | AE60: =+AD60*60 -> 0
B61: =+B59 -> 14 | C61: HASSAN | D61: =+D60+100 -> 114 | F61: TOURABI | I61: =+IF(J61="","",IF(J59=0,"",(J59*I59)/(J61*60))) -> 0.90086207 | J61: 58 | K61: Stagiaire | X61: 6.84 | Y61: =+SUM(L61:V61)-S61/2 -> 0 | AB61: =+IFERROR(AB59/(J59*9),"") -> 1.6266667 | AD61: =+Y60+Y61/2 -> 0 | AE61: =+AD61*60 -> 0 | AG61: =+IF((Y59-J59*9)>=0,"",Y59-J59*9) -> -450
B62: =+B63 -> 15 | I62: VT | J62: P/H | K62: Entre Chaine | X62: =+W64 -> -54 | Y62: =+SUM(L62:V62) -> 0 | Z62: =+AA62+Y62 -> 8056 | AA62: 8056 | AE62: =+AD62*60 -> 0
B63: 15 | C63: 023-22 | E63: Stear | F63: 2990-559-712 | G63: 7500 | H63: Veste | I63: 56.15 | J63: 54 | K63: Sortie Chaine | W63: =+IF(COUNTA(L63:V63)=8,Y63/(COUNTA(L63:V63)-0.5),IF(COUNTA(L63:V63)=0,0,Y63/COUNTA(L63:V63))) -> 0 | Y63: =+SUM(L63:V63) -> 0 | Z63: =+Y63+AA63 -> 8043 | AA63: 8043 | AB63: =+Z62-Z63 -> 13 | AC63: =+IF(((Y64+(Y65/2))*60)=0,"",(I63*Y63)/((Y64+(Y65/2))*60)) | AE63: =+AD63*60 -> 0 | AF63: =+Y63*I63 -> 0
B64: =+B63 -> 15 | D64: =+B63 -> 15 | F64: =+VLOOKUP(F63,'Obj Prix'!$H:$H,2,FALSE) -> #N/A | I64: 1 | J64: EFF | K64: Effectifs | W64: =+W63-J63 -> -54 | Y64: =+SUM(L64:V64)-S64/2 -> 0 | AE64: =+AD64*60 -> 0
B65: =+B63 -> 15 | C65: FARID | D65: =+D64+100 -> 115 | F65: AMINE | H65: 2 PàM+4FL+Ctr | I65: =+IF(J65="","",IF(J63=0,"",(J63*I63)/(J65*60))) -> 0.85652542 | J65: 59 | K65: Stagiaire | X65: 15.92 | Y65: =+SUM(L65:V65)-S65/2 -> 0 | AB65: =+IFERROR(AB63/(J63*9),"") -> 0.026748971 | AD65: =+Y64+Y65/2 -> 0 | AE65: =+AD65*60 -> 0 | AG65: =+IF((Y63-J63*9)>=0,"",Y63-J63*9) -> -486
B66: =+B67 -> 15 | I66: VT | J66: P/H | K66: Entre Chaine | X66: =+W68 -> -107 | Y66: =+SUM(L66:V66) -> 0 | Z66: =+AA66+Y66 -> 800 | AA66: 800 | AE66: =+AD66*60 -> 0
B67: 15 | C67: 034-22 | E67: Stear | F67: 3013-888-251 | G67: 6666 | H67: SKORT | I67: 27.28 | J67: 107 | K67: Sortie Chaine | W67: =+IF(COUNTA(L67:V67)=8,Y67/(COUNTA(L67:V67)-0.5),IF(COUNTA(L67:V67)=0,0,Y67/COUNTA(L67:V67))) -> 0 | Y67: =+SUM(L67:V67) -> 0 | Z67: =+Y67+AA67 -> 0 | AA67: 0 | AB67: =+Z66-Z67 -> 800 | AC67: =+IF(((Y68+(Y69/2))*60)=0,"",(I67*Y67)/((Y68+(Y69/2))*60)) | AE67: =+AD67*60 -> 0 | AF67: =+Y67*I67 -> 0
B68: =+B67 -> 15 | D68: =+B67 -> 15 | F68: =+VLOOKUP(F67,'Obj Prix'!$H:$H,2,FALSE) -> #N/A | J68: EFF | K68: Effectifs | W68: =+W67-J67 -> -107 | Y68: =+SUM(L68:V68)-S68/2 -> 0 | AE68: =+AD68*60 -> 0
B69: =+B67 -> 15 | C69: FARID | D69: =+D68+100 -> 115 | F69: AMINE | I69: =+IF(J69="","",IF(J67=0,"",(J67*I67)/(J69*60))) -> 0.85349708 | J69: 57 | K69: Stagiaire | X69: =4.74+(COUNTA(L67:V67)-(Y67/J67)) -> 4.74 | Y69: =+SUM(L69:V69)-S69/2 -> 0 | AB69: =+IFERROR(AB67/(J67*9),"") -> 0.83073728 | AD69: =+Y68+Y69/2 -> 0 | AE69: =+AD69*60 -> 0 | AG69: =+IF((Y67-J67*9)>=0,"",Y67-J67*9) -> -963
B70: =+B71 -> 17 | I70: VT | J70: P/H | K70: Entre Chaine | X70: =+W72 -> -120 | Y70: =+SUM(L70:V70) -> 0 | Z70: =+AA70+Y70 -> 1875 | AA70: 1875 | AE70: =+AD70*60 -> 0
B71: 17 | C71: 037-22 | E71: Stear | F71: 7587-669-046 | H71: chemise | I71: 24.95 | J71: 120 | K71: Sortie Chaine | W71: =+IF(COUNTA(L71:V71)=8,Y71/(COUNTA(L71:V71)-0.5),IF(COUNTA(L71:V71)=0,0,Y71/COUNTA(L71:V71))) -> 0 | Y71: =+SUM(L71:V71) -> 0 | Z71: =+Y71+AA71 -> 470 | AA71: 470 | AB71: =+Z70-Z71 -> 1405 | AC71: =+IF(((Y72+(Y73/2))*60)=0,"",(I71*Y71)/((Y72+(Y73/2))*60)) | AE71: =+AD71*60 -> 0 | AF71: =+Y71*I71 -> 0
B72: =+B71 -> 17 | F72: =+VLOOKUP(F71,'Obj Prix'!$H:$H,2,FALSE) -> #N/A | I72: 3 | J72: EFF | K72: Effectifs | W72: =+W71-J71 -> -120 | Y72: =+SUM(L72:V72)-S72/2 -> 0 | AE72: =+AD72*60 -> 0
B73: =+B71 -> 17 | C73: YASSIN | D73: =+D72+100 -> 100 | F73: REDOUANE | I73: =+IF(J73="","",IF(J71=0,"",(J71*I71)/(J73*60))) -> 0.92407407 | J73: 54 | K73: Stagiaire | X73: =15.73+(COUNTA(L71:V71)-(Y71/J71)) -> 15.73 | Y73: =+SUM(L73:V73)-S73/2 -> 0 | AB73: =+IFERROR(AB71/(J71*9),"") -> 1.3009259 | AD73: =+Y72+Y73/2 -> 0 | AE73: =+AD73*60 -> 0 | AG73: =+IF((Y71-J71*9)>=0,"",Y71-J71*9) -> -1080
B74: =+B75 -> 18 | I74: VT | J74: P/H | K74: Entre Chaine | X74: =+W76 -> -53 | Y74: =+SUM(L74:V74) -> 0 | Z74: =+AA74+Y74 -> 4314 | AA74: 4314 | AE74: =+AD74*60 -> 0
B75: 18 | C75: 029-22 | E75: Stear | F75: 2198-799-712 | G75: 5038 | H75: Veste | I75: 61.42 | J75: 53 | K75: Sortie Chaine | W75: =+IF(COUNTA(L75:V75)=8,Y75/(COUNTA(L75:V75)-0.5),IF(COUNTA(L75:V75)=0,0,Y75/COUNTA(L75:V75))) -> 0 | Y75: =+SUM(L75:V75) -> 0 | Z75: =+Y75+AA75 -> 3444 | AA75: 3444 | AB75: =+Z74-Z75 -> 870 | AC75: =+IF(((Y76+(Y77/2))*60)=0,"",(I75*Y75)/((Y76+(Y77/2))*60)) | AE75: =+AD75*60 -> 0 | AF75: =+Y75*I75 -> 0
B76: =+B75 -> 18 | D76: =+B75 -> 18 | F76: =+VLOOKUP(F75,'Obj Prix'!$H:$H,2,FALSE) -> #N/A | H76: 1 | I76: 2 | J76: EFF | K76: Effectifs | W76: =+W75-J75 -> -53 | Y76: =+SUM(L76:V76)-S76/2 -> 0 | AE76: =+AD76*60 -> 0
B77: =+B75 -> 18 | C77: ABDENOUR | D77: =+D76+100 -> 118 | F77: REDOUANE | H77: 3PAM +1CTR+4FER | I77: =+IF(J77="","",IF(J75=0,"",(J75*I75)/(J77*60))) -> 0.91956497 | J77: 59 | K77: Stagiaire | X77: 10.76 | Y77: =+SUM(L77:V77)-S77/2 -> 0 | AB77: =+IFERROR(AB75/(J75*9),"") -> 1.8238994 | AD77: =+Y76+Y77/2 -> 0 | AE77: =+AD77*60 -> 0 | AG77: =+IF((Y75-J75*9)>=0,"",Y75-J75*9) -> -477
B78: =+B79 -> 19 | I78: VT | J78: P/H | K78: Entre Chaine | X78: =+W80 -> -3 | Y78: =+SUM(L78:V78) -> 0 | Z78: =+AA78+Y78 -> 4167 | AA78: 4167 | AE78: =+AD78*60 -> 0
B79: 19 | C79: 029-22 | E79: Stear | F79: 2198-799-712 | G79: 5038 | H79: Veste | I79: 61.42 | J79: 53 | K79: Sortie Chaine | L79: 50 | M79: 50 | N79: 50 | O79: 50 | P79: 50 | Q79: 50 | R79: 50 | W79: =+IF(COUNTA(L79:V79)=8,Y79/(COUNTA(L79:V79)-0.5),IF(COUNTA(L79:V79)=0,0,Y79/COUNTA(L79:V79))) -> 50 | Y79: =+SUM(L79:V79) -> 350 | Z79: =+Y79+AA79 -> 4160 | AA79: 3810 | AB79: =+Z78-Z79 -> 7 | AC79: =+IF(((Y80+(Y81/2))*60)=0,"",(I79*Y79)/((Y80+(Y81/2))*60)) -> 11.942778 | AE79: =+AD79*60 -> 0 | AF79: =+Y79*I79 -> 21497
B80: =+B79 -> 19 | D80: =+B79 -> 19 | F80: =+VLOOKUP(F79,'Obj Prix'!$H:$H,2,FALSE) -> #N/A | H80: 1 | I80: 3 | J80: EFF | K80: Effectifs | L80: 4 | M80: 4 | N80: 4 | O80: 4 | P80: 4 | Q80: 4 | R80: 4 | S80: 4 | W80: =+W79-J79 -> -3 | Y80: =+SUM(L80:V80)-S80/2 -> 30 | AE80: =+AD80*60 -> 0
B81: =+B79 -> 19 | C81: AHMED | D81: =+D80+100 -> 119 | F81: TOURABI | H81: 3PAM +1CTR+4FER | I81: =+IF(J81="","",IF(J79=0,"",(J79*I79)/(J81*60))) -> 0.91956497 | J81: 59 | K81: Stagiaire | X81: 9.3 | Y81: =+SUM(L81:V81)-S81/2 -> 0 | AB81: =+IFERROR(AB79/(J79*9),"") -> 0.014675052 | AD81: =+Y80+Y81/2 -> 30 | AE81: =+AD81*60 -> 1800 | AG81: =+IF((Y79-J79*9)>=0,"",Y79-J79*9) -> -127
B82: =+B83 -> 19 | I82: VT | J82: P/H | K82: Entre Chaine | X82: =+W84 -> -120 | Y82: =+SUM(L82:V82) -> 0 | Z82: =+AA82+Y82 -> 900 | AA82: 900 | AE82: =+AD82*60 -> 0
B83: 19 | C83: 037-22 | E83: Stear | F83: 7587-669-046 | G83: 11525 | H83: chemise | I83: 24.95 | J83: 120 | K83: Sortie Chaine | W83: =+IF(COUNTA(L83:V83)=8,Y83/(COUNTA(L83:V83)-0.5),IF(COUNTA(L83:V83)=0,0,Y83/COUNTA(L83:V83))) -> 0 | Y83: =+SUM(L83:V83) -> 0 | Z83: =+Y83+AA83 -> 0 | AA83: 0 | AB83: =+Z82-Z83 -> 900 | AC83: =+IF(((Y84+(Y85/2))*60)=0,"",(I83*Y83)/((Y84+(Y85/2))*60)) | AE83: =+AD83*60 -> 0 | AF83: =+Y83*I83 -> 0
B84: =+B83 -> 19 | D84: =+B83 -> 19 | F84: =+VLOOKUP(F83,'Obj Prix'!$H:$H,2,FALSE) -> #N/A | I84: 3 | J84: EFF | K84: Effectifs | W84: =+W83-J83 -> -120 | Y84: =+SUM(L84:V84)-S84/2 -> 0 | AE84: =+AD84*60 -> 0
B85: =+B83 -> 19 | C85: AHMED | D85: =+D84+100 -> 119 | F85: TOURABI | I85: =+IF(J85="","",IF(J83=0,"",(J83*I83)/(J85*60))) -> 0.92407407 | J85: 54 | K85: Stagiaire | X85: =+(COUNTA(L83:V83)-(Y83/J83)) -> 0 | Y85: =+SUM(L85:V85)-S85/2 -> 0 | AB85: =+IFERROR(AB83/(J83*9),"") -> 0.83333333 | AD85: =+Y84+Y85/2 -> 0 | AE85: =+AD85*60 -> 0 | AG85: =+IF((Y83-J83*9)>=0,"",Y83-J83*9) -> -1080
K87: Sortie Chaine | L87: =+SUMIF($K$6:$K$86,$K$87,L6:L86) -> 75 | M87: =+SUMIF($K$6:$K$86,$K$87,M6:M86) -> 75 | N87: =+SUMIF($K$6:$K$86,$K$87,N6:N86) -> 75 | O87: =+SUMIF($K$6:$K$86,$K$87,O6:O86) -> 75 | P87: =+SUMIF($K$6:$K$86,$K$87,P6:P86) -> 75 | Q87: =+SUMIF($K$6:$K$86,$K$87,Q6:Q86) -> 75 | R87: =+SUMIF($K$6:$K$86,$K$87,R6:R86) -> 75 | S87: =+SUMIF($K$6:$K$86,$K$87,S6:S86) -> 13 | ... V87: =+SUMIF($K$6:$K$86,$K$87,V6:V86) -> 0 | X87: =+SUM(L87:V87) -> 538 | AE87: =+AD87*60 -> 0
K89: Effectifs | L89: =+SUMIF($K$6:$K$86,$K$89,L6:L86) -> 16 | M89: =+SUMIF($K$6:$K$86,$K$89,M6:M86) -> 16 | N89: =+SUMIF($K$6:$K$86,$K$89,N6:N86) -> 16 | O89: =+SUMIF($K$6:$K$86,$K$89,O6:O86) -> 16 | P89: =+SUMIF($K$6:$K$86,$K$89,P6:P86) -> 16 | Q89: =+SUMIF($K$6:$K$86,$K$89,Q6:Q86) -> 16 | R89: =+SUMIF($K$6:$K$86,$K$89,R6:R86) -> 16 | S89: =+SUMIF($K$6:$K$86,$K$89,S6:S86) -> 16 | ... V89: =+SUMIF($K$6:$K$86,$K$89,V6:V86) -> 0
K91: Stagiaire | L91: =+SUMIF($K$6:$K$86,$K$91,L6:L86) -> 0 | M91: =+SUMIF($K$6:$K$86,$K$91,M6:M86) -> 0 | N91: =+SUMIF($K$6:$K$86,$K$91,N6:N86) -> 0 | O91: =+SUMIF($K$6:$K$86,$K$91,O6:O86) -> 0 | P91: =+SUMIF($K$6:$K$86,$K$91,P6:P86) -> 0 | Q91: =+SUMIF($K$6:$K$86,$K$91,Q6:Q86) -> 0 | R91: =+SUMIF($K$6:$K$86,$K$91,R6:R86) -> 0 | S91: =+SUMIF($K$6:$K$86,$K$91,S6:S86) -> 0 | ... V91: =+SUMIF($K$6:$K$86,$K$91,V6:V86) -> 0
L92: =+IF(L89=0,"",L91/L89) -> 0 | M92: =+IF(M89=0,"",M91/M89) -> 0 | N92: =+IF(N89=0,"",N91/N89) -> 0 | O92: =+IF(O89=0,"",O91/O89) -> 0 | P92: =+IF(P89=0,"",P91/P89) -> 0 | Q92: =+IF(Q89=0,"",Q91/Q89) -> 0 | R92: =+IF(R89=0,"",R91/R89) -> 0 | S92: =+IF(S89=0,"",S91/S89) -> 0 | ... V92: =+IF(V89=0,"",V91/V89)
J94: Effectifs | K94: Stagiaires Formation | L94: =+IF(L89=0,"",SUMIF($K$6:$K$86,$J$94,$I$6:$I$86)) -> 29 | M94: =+IF(M89=0,"",SUMIF($K$6:$K$86,$J$94,$I$6:$I$86)) -> 29 | N94: =+IF(N89=0,"",SUMIF($K$6:$K$86,$J$94,$I$6:$I$86)) -> 29 | O94: =+IF(O89=0,"",SUMIF($K$6:$K$86,$J$94,$I$6:$I$86)) -> 29 | P94: =+IF(P89=0,"",SUMIF($K$6:$K$86,$J$94,$I$6:$I$86)) -> 29 | Q94: =+IF(Q89=0,"",SUMIF($K$6:$K$86,$J$94,$I$6:$I$86)) -> 29 | R94: =+IF(R89=0,"",SUMIF($K$6:$K$86,$J$94,$I$6:$I$86)) -> 29 | S94: =+IF(S89=0,"",SUMIF($K$6:$K$86,$J$94,$I$6:$I$86)) -> 29 | ... V94: =+IF(V89=0,"",SUMIF($K$6:$K$86,$J$94,$I$6:$I$86))
L95: =+IF(L89=0,"",L94/L89) -> 1.8125 | M95: =+IF(M89=0,"",M94/M89) -> 1.8125 | N95: =+IF(N89=0,"",N94/N89) -> 1.8125 | O95: =+IF(O89=0,"",O94/O89) -> 1.8125 | P95: =+IF(P89=0,"",P94/P89) -> 1.8125 | Q95: =+IF(Q89=0,"",Q94/Q89) -> 1.8125 | R95: =+IF(R89=0,"",R94/R89) -> 1.8125 | S95: =+IF(S89=0,"",S94/S89) -> 1.8125 | ... V95: =+IF(V89=0,"",V94/V89)
K97: Ouvriers Formation | L97: =+IF(L89=0,"",SUMIF($K$6:$K$86,$J$94,$H$6:$H$88)) -> 5 | M97: =+IF(M89=0,"",SUMIF($K$6:$K$86,$J$94,$H$6:$H$88)) -> 5 | N97: =+IF(N89=0,"",SUMIF($K$6:$K$86,$J$94,$H$6:$H$88)) -> 5 | O97: =+IF(O89=0,"",SUMIF($K$6:$K$86,$J$94,$H$6:$H$88)) -> 5 | P97: =+IF(P89=0,"",SUMIF($K$6:$K$86,$J$94,$H$6:$H$88)) -> 5 | Q97: =+IF(Q89=0,"",SUMIF($K$6:$K$86,$J$94,$H$6:$H$88)) -> 5 | R97: =+IF(R89=0,"",SUMIF($K$6:$K$86,$J$94,$H$6:$H$88)) -> 5 | S97: =+IF(S89=0,"",SUMIF($K$6:$K$86,$J$94,$H$6:$H$88)) -> 5 | ... V97: =+IF(V89=0,"",SUMIF($K$6:$K$86,$J$94,$H$6:$H$88))
L98: =+IF(L89=0,"",L97/L89) -> 0.3125 | M98: =+IF(M89=0,"",M97/M89) -> 0.3125 | N98: =+IF(N89=0,"",N97/N89) -> 0.3125 | O98: =+IF(O89=0,"",O97/O89) -> 0.3125 | P98: =+IF(P89=0,"",P97/P89) -> 0.3125 | Q98: =+IF(Q89=0,"",Q97/Q89) -> 0.3125 | R98: =+IF(R89=0,"",R97/R89) -> 0.3125 | S98: =+IF(S89=0,"",S97/S89) -> 0.3125 | ... V98: =+IF(V89=0,"",V97/V89)
S102: U

Sheet 25-04-2022 (Simulation)
B1: LA FICHE DE PRODUCTION DES CHAÎNES E06.03C | AB1: EXL 009-20
A2: 77 | AB2: =+AF2/AE2 -> 0.8871642 | AE2: =+SUBTOTAL(9,AE6:AE115) -> 433380 | AF2: =+SUBTOTAL(9,AF6:AF115) -> 384479.22
J3: HEURES SAISIE | L3: 5:45 | M3: 6:45 | N3: 7:45 | O3: 8:45 | P3: 10:00 | Q3: 11:00 | R3: 12:00 | S3: 12:45
B4: CODERSA S.A.R.L. | J4: Fin Heure | L4: 5:30 | M4: 6:30 | N4: 7:30 | O4: 8:30 | P4: 9:45 | Q4: 10:45 | R4: 11:45 | S4: 12:45 | W4: Sortie Chaine | Y4: =+X99 -> 8219 | Z4: DATE : | AB4: 44676 | AD4: =+SUM(AD6:AD103) -> 7223
B5: CH | C5: IMPORT | E5: CLIENT | F5: MODELE | G5: QTE PREVU | H5: DESIG | I5: METHODES | L5: 1 | M5: 2 | N5: 3 | O5: 4 | P5: 5 | Q5: 6 | R5: 7 | S5: 8 | T5: 9 | U5: 10 | V5: 11 | W5: Moy | X5: H.Lancement | Y5: Total | Z5: Cumul | AB5: Encours | AC5: R%
B6: =+B7 -> 1 | I6: VT | J6: P/H | K6: Entre Chaine | L6: 40 | M6: 50 | N6: 37 | O6: 37 | P6: 40 | Q6: 37 | R6: 40 | X6: =+W8 -> -13.125 | Y6: =+SUM(L6:V6) -> 281 | Z6: =+AA6+Y6 -> 1225 | AA6: 944
B7: 1 | C7: 074-22 | E7: ZARA-MAN | F7: 340-400-800 | H7: Veste | I7: 72.32 | J7: 40 | K7: Sortie Chaine | L7: 25 | M7: 18 | N7: 20 | O7: 22 | P7: 30 | Q7: 30 | R7: 35 | S7: 35 | W7: =+IF(COUNTA(L7:V7)=0,0,Y7/(COUNTA(L7:V7))) -> 26.875 | Y7: =+SUM(L7:V7) -> 215 | Z7: =+Y7+AA7 -> 423 | AA7: 208 | AB7: =+Z6-Z7 -> 802 | AC7: =+IF(((Y8+(Y9/2))*60)=0,"",(I7*Y7)/((Y8+(Y9/2))*60)) -> 0.62899676 | AF7: =+Y7*I7 -> 15548.8
B8: =B7 -> 1 | D8: =+B7 -> 1 | F8: =+VLOOKUP(F7,'Obj Prix'!$H:$H,2,FALSE) -> #N/A | J8: EFF | K8: Effectifs | L8: 49 | M8: 49 | N8: 49 | O8: 49 | P8: 49 | Q8: 49 | R8: 49 | S8: 49 | W8: =+W7-J7 -> -13.125 | Y8: =+SUM(L8:V8) -> 392
B9: =B7 -> 1 | C9: HICHAM | D9: =+D8+100 -> 101 | F9: AMINE | H9: 1 MS | I9: =+IF(J9="","",IF(J7=0,"",(J7*I7)/(J9*60))) -> 0.89283951 | J9: 54 | K9: Stagiaire | L9: 5 | M9: 5 | N9: 5 | O9: 5 | P9: 5 | Q9: 5 | R9: 5 | S9: 5 | X9: =16.8+(COUNTA(L7:V7)-(Y7/J7)) -> 19.425 | Y9: =+SUM(L9:V9) -> 40 | AB9: =+IFERROR(AB7/(J7*9),"") -> 2.2277778 | AD9: =+Y8+Y9/2 -> 412 | AE9: =+AD9*60 -> 24720 | AG9: =+IF((Y7-J7*9)>=0,"",Y7-J7*9) -> -145
B10: =+B11 -> 2 | I10: VT | J10: P/H | K10: Entre Chaine | L10: 60 | M10: 60 | N10: 60 | O10: 60 | P10: 60 | Q10: 60 | R10: 60 | X10: =+W12 -> 0 | Y10: =+SUM(L10:V10) -> 420 | Z10: =+AA10+Y10 -> 5121 | AA10: 4701 | AE10: =+AD10*60 -> 0
B11: 2 | C11: 036-22 | E11: Stear | F11: 3362-696-727 | G11: 5599 | H11: Gabardina | I11: 52.67 | J11: 50 | K11: Sortie Chaine | L11: 40 | M11: 30 | N11: 55 | O11: 60 | P11: 27 | Q11: 70 | R11: 60 | S11: 58 | W11: =+IF(COUNTA(L11:V11)=0,0,Y11/(COUNTA(L11:V11))) -> 50 | Y11: =+SUM(L11:V11) -> 400 | Z11: =+Y11+AA11 -> 4399 | AA11: 3999 | AB11: =+Z10-Z11 -> 722 | AC11: =+IF(((Y12+(Y13/2))*60)=0,"",(I11*Y11)/((Y12+(Y13/2))*60)) -> 0.91440972 | AE11: =+AD11*60 -> 0 | AF11: =+Y11*I11 -> 21068
B12: =+B11 -> 2 | D12: =+B11 -> 2 | F12: =+VLOOKUP(F11,'Obj Prix'!$H:$H,2,FALSE) -> #N/A | J12: EFF | K12: Effectifs | L12: 48 | M12: 48 | N12: 48 | O12: 48 | P12: 48 | Q12: 48 | R12: 48 | S12: 48 | W12: =+W11-J11 -> 0 | Y12: =+SUM(L12:V12) -> 384 | AE12: =+AD12*60 -> 0
B13: =+B11 -> 2 | C13: JAMAL | D13: =+D12+100 -> 102 | F13: REDOUANE | I13: =+IF(J13="","",IF(J11=0,"",(J11*I11)/(J13*60))) -> 0.87783333 | J13: 50 | K13: Stagiaire | X13: 40.56 | Y13: =+SUM(L13:V13) -> 0 | AB13: =+IFERROR(AB11/(J11*9),"") -> 1.6044444 | AD13: =+Y12+Y13/2 -> 384 | AE13: =+AD13*60 -> 23040 | AG13: =+IF((Y11-J11*9)>=0,"",Y11-J11*9) -> -50
B14: =+B15 -> 3 | I14: VT | J14: P/H | K14: Entre Chaine | L14: 100 | M14: 50 | N14: 50 | O14: 50 | P14: 50 | Q14: 50 | R14: 50 | S14: 50 | X14: =+W16 -> 0 | Y14: =+SUM(L14:V14) -> 450 | Z14: =+AA14+Y14 -> 2822 | AA14: 2372 | AE14: =+AD14*60 -> 0
B15: 3 | C15: 064-22 | E15: Stear | F15: 8035-888-800 | G15: 6600 | H15: Veste | I15: 51.08 | J15: 55 | K15: Sortie Chaine | L15: 55 | M15: 50 | N15: 55 | O15: 55 | P15: 55 | Q15: 55 | R15: 55 | S15: 60 | W15: =+IF(COUNTA(L15:V15)=0,0,Y15/(COUNTA(L15:V15))) -> 55 | Y15: =+SUM(L15:V15) -> 440 | Z15: =+Y15+AA15 -> 1949 | AA15: 1509 | AB15: =+Z14-Z15 -> 873 | AC15: =+IF(((Y16+(Y17/2))*60)=0,"",(I15*Y15)/((Y16+(Y17/2))*60)) -> 0.95557823 | AE15: =+AD15*60 -> 0 | AF15: =+Y15*I15 -> 22475.2
B16: =+B15 -> 3 | D16: =+B15 -> 3 | F16: =+VLOOKUP(F15,'Obj Prix'!$H:$H,2,FALSE) -> #N/A | J16: EFF | K16: Effectifs | L16: 48 | M16: 48 | N16: 48 | O16: 48 | P16: 48 | Q16: 48 | R16: 48 | S16: 48 | W16: =+W15-J15 -> 0 | Y16: =+SUM(L16:V16) -> 384 | AE16: =+AD16*60 -> 0
B17: =+B15 -> 3 | C17: KHALID | D17: =+D16+100 -> 103 | F17: TOURABI | I17: =+IF(J17="","",IF(J15=0,"",(J15*I15)/(J17*60))) -> 0.90044872 | J17: 52 | K17: Stagiaire | L17: 2 | M17: 2 | N17: 2 | O17: 2 | P17: 2 | Q17: 2 | R17: 2 | S17: 2 | X17: =11.59+(COUNTA(L15:V15)-(Y15/J15)) -> 11.59 | Y17: =+SUM(L17:V17) -> 16 | AB17: =+IFERROR(AB15/(J15*9),"") -> 1.7636364 | AD17: =+Y16+Y17/2 -> 392 | AE17: =+AD17*60 -> 23520 | AG17: =+IF((Y15-J15*9)>=0,"",Y15-J15*9) -> -55
B18: =+B19 -> 4 | I18: VT | J18: P/H | K18: Entre Chaine | L18: 50 | M18: 50 | N18: 50 | O18: 100 | P18: 100 | Q18: 50 | R18: 50 | X18: =+W20 -> 0 | Y18: =+SUM(L18:V18) -> 450 | Z18: =+AA18+Y18 -> 1851 | AA18: 1401 | AE18: =+AD18*60 -> 0
B19: 4 | C19: 064-22 | E19: Stear | F19: 8035-888-800 | G19: 6600 | H19: Veste | I19: 51.08 | J19: 55 | K19: Sortie Chaine | L19: 55 | M19: 49 | N19: 55 | O19: 60 | P19: 56 | Q19: 55 | R19: 55 | S19: 55 | W19: =+IF(COUNTA(L19:V19)=0,0,Y19/(COUNTA(L19:V19))) -> 55 | Y19: =+SUM(L19:V19) -> 440 | Z19: =+Y19+AA19 -> 1095 | AA19: 655 | AB19: =+Z18-Z19 -> 756 | AC19: =+IF(((Y20+(Y21/2))*60)=0,"",(I19*Y19)/((Y20+(Y21/2))*60)) -> 0.88554768 | AE19: =+AD19*60 -> 0 | AF19: =+Y19*I19 -> 22475.2
B20: =+B19 -> 4 | C20: HAMID | D20: =+B19 -> 4 | F20: =+VLOOKUP(F19,'Obj Prix'!$H:$H,2,FALSE) -> #N/A | J20: EFF | K20: Effectifs | L20: 51 | M20: 52 | N20: 52 | O20: 52 | P20: 52 | Q20: 52 | R20: 52 | S20: 52 | W20: =+W19-J19 -> 0 | Y20: =+SUM(L20:V20) -> 415 | AE20: =+AD20*60 -> 0
B21: =+B19 -> 4 | D21: =+D20+100 -> 104 | F21: TOURABI | I21: =+IF(J21="","",IF(J19=0,"",(J19*I19)/(J21*60))) -> 0.90044872 | J21: 52 | K21: Stagiaire | L21: 2 | M21: 2 | N21: 2 | O21: 2 | P21: 2 | Q21: 2 | R21: 2 | S21: 2 | X21: 4.54 | Y21: =+SUM(L21:V21) -> 16 | AB21: =+IFERROR(AB19/(J19*9),"") -> 1.5272727 | AD21: =+Y20+Y21/2 -> 423 | AE21: =+AD21*60 -> 25380 | AG21: =+IF((Y19-J19*9)>=0,"",Y19-J19*9) -> -55
B22: =+B23 -> 5 | I22: VT | J22: P/H | K22: Entre Chaine | L22: 70 | M22: 70 | N22: 70 | O22: 70 | P22: 70 | Q22: 70 | X22: =+W24 -> 1.5 | Y22: =+SUM(L22:V22) -> 420 | Z22: =+AA22+Y22 -> 6301 | AA22: 5881 | AE22: =+AD22*60 -> 0
B23: 5 | C23: 040-22 | E23: Stear | F23: 7560-939-620 | G23: 12500 | H23: Veste | I23: 52.3 | J23: 55 | K23: Sortie Chaine | L23: 58 | M23: 51 | N23: 56 | O23: 55 | P23: 55 | Q23: 55 | R23: 66 | S23: 56 | W23: =+IF(COUNTA(L23:V23)=0,0,Y23/(COUNTA(L23:V23))) -> 56.5 | Y23: =+SUM(L23:V23) -> 452 | Z23: =+Y23+AA23 -> 5476 | AA23: 5024 | AB23: =+Z22-Z23 -> 825 | AC23: =+IF(((Y24+(Y25/2))*60)=0,"",(I23*Y23)/((Y24+(Y25/2))*60)) -> 0.90365443 | AE23: =+AD23*60 -> 0 | AF23: =+Y23*I23 -> 23639.6
B24: =+B23 -> 5 | D24: =+B23 -> 5 | F24: =+VLOOKUP(F23,'Obj Prix'!$H:$H,2,FALSE) -> #N/A | I24: 2 | J24: EFF | K24: Effectifs | L24: 54 | M24: 54 | N24: 54 | O24: 54 | P24: 54 | Q24: 54 | R24: 54 | S24: 54 | W24: =+W23-J23 -> 1.5 | Y24: =+SUM(L24:V24) -> 432 | AE24: =+AD24*60 -> 0
B25: =+B23 -> 5 | C25: MOHAMMED | D25: =+D24+100 -> 105 | F25: REDOUANE | I25: =+IF(J25="","",IF(J23=0,"",(J23*I23)/(J25*60))) -> 0.92195513 | J25: 52 | K25: Stagiaire | L25: 1 | M25: 1 | N25: 1 | O25: 1 | P25: 1 | Q25: 1 | R25: 1 | S25: 1 | X25: 9.64 | Y25: =+SUM(L25:V25) -> 8 | AB25: =+IFERROR(AB23/(J23*9),"") -> 1.6666667 | AD25: =+Y24+Y25/2 -> 436 | AE25: =+AD25*60 -> 26160 | AG25: =+IF((Y23-J23*9)>=0,"",Y23-J23*9) -> -43
B26: =+B27 -> 6 | I26: VT | J26: P/H | K26: Entre Chaine | X26: =+W28 -> -27.5 | Y26: =+SUM(L26:V26) -> 0 | Z26: =+AA26+Y26 -> 1826 | AA26: 1826 | AE26: =+AD26*60 -> 0
B27: 6 | C27: 047-22 | E27: sweet | F27: 221403013 | H27: TOP | I27: 22.45 | J27: 60 | K27: Sortie Chaine | L27: 30 | M27: 30 | N27: 30 | O27: 30 | P27: 35 | Q27: 35 | R27: 35 | S27: 35 | W27: =+IF(COUNTA(L27:V27)=0,0,Y27/(COUNTA(L27:V27))) -> 32.5 | Y27: =+SUM(L27:V27) -> 260 | Z27: =+Y27+AA27 -> 315 | AA27: 55 | AB27: =+Z26-Z27 -> 1511 | AC27: =+IF(((Y28+(Y29/2))*60)=0,"",(I27*Y27)/((Y28+(Y29/2))*60)) -> 0.50668403 | AE27: =+AD27*60 -> 0 | AF27: =+Y27*I27 -> 5837
B28: =+B27 -> 6 | D28: =+B27 -> 6 | F28: =+VLOOKUP(F27,'Obj Prix'!$H:$H,2,FALSE) -> #N/A | J28: EFF | K28: Effectifs | L28: 22 | M28: 22 | N28: 22 | O28: 22 | P28: 22 | Q28: 22 | R28: 22 | S28: 22 | W28: =+W27-J27 -> -27.5 | Y28: =+SUM(L28:V28) -> 176 | AE28: =+AD28*60 -> 0
B29: =+B27 -> 6 | C29: BACHIR | D29: =+D28+100 -> 106 | F29: REDOUANE | I29: =+IF(J29="","",IF(J27=0,"",(J27*I27)/(J29*60))) -> 0.86346154 | J29: 26 | K29: Stagiaire | L29: 4 | M29: 4 | N29: 4 | O29: 4 | P29: 4 | Q29: 4 | R29: 4 | S29: 4 | X29: =14.33+(COUNTA(L27:V27)-(Y27/J27)) -> 17.996667 | Y29: =+SUM(L29:V29) -> 32 | AB29: =+IFERROR(AB27/(J27*9),"") -> 2.7981481 | AD29: =+Y28+Y29/2 -> 192 | AE29: =+AD29*60 -> 11520 | AG29: =+IF((Y27-J27*9)>=0,"",Y27-J27*9) -> -280
B30: =+B31 -> 6 | I30: VT | J30: P/H | K30: Entre Chaine | X30: =+W32 -> 0 | Y30: =+SUM(L30:V30) -> 0 | Z30: =+AA30+Y30 -> 0 | AE30: =+AD30*60 -> 0
B31: 6 | C31: 052-22 | E31: sweet | F31: 221405021 | H31: Chemise | K31: Sortie Chaine | W31: =+IF(COUNTA(L31:V31)=0,0,Y31/(COUNTA(L31:V31))) -> 0 | Y31: =+SUM(L31:V31) -> 0 | Z31: =+Y31+AA31 -> 0 | AB31: =+Z30-Z31 -> 0 | AC31: =+IF(((Y32+(Y33/2))*60)=0,"",(I31*Y31)/((Y32+(Y33/2))*60)) | AE31: =+AD31*60 -> 0 | AF31: =+Y31*I31 -> 0
B32: =+B31 -> 6 | D32: =+B31 -> 6 | F32: =+VLOOKUP(F31,'Obj Prix'!$H:$H,2,FALSE) -> #N/A | J32: EFF | K32: Effectifs | W32: =+W31-J31 -> 0 | Y32: =+SUM(L32:V32) -> 0 | AE32: =+AD32*60 -> 0
B33: =+B31 -> 6 | C33: BACHIR | D33: =+D32+100 -> 106 | F33: REDOUANE | I33: =+IF(J33="","",IF(J31=0,"",(J31*I31)/(J33*60))) | J33: 23 | K33: Stagiaire | Y33: =+SUM(L33:V33) -> 0 | AB33: =+IFERROR(AB31/(J31*9),"") | AD33: =+Y32+Y33/2 -> 0 | AE33: =+AD33*60 -> 0 | AG33: =+IF((Y31-J31*9)>=0,"",Y31-J31*9)
B34: =+B35 -> 7 | I34: VT | J34: P/H | K34: Entre Chaine | L34: 100 | M34: 50 | N34: 50 | O34: 100 | P34: 50 | Q34: 100 | R34: 50 | X34: =+W36 -> 2 | Y34: =+SUM(L34:V34) -> 500 | Z34: =+AA34+Y34 -> 3826 | AA34: 3326 | AE34: =+AD34*60 -> 0
B35: 7 | C35: 064-22 | E35: Stear | F35: 8035-888-800 | G35: 6600 | H35: Veste | I35: 51.08 | J35: 55 | K35: Sortie Chaine | L35: 57 | M35: 57 | N35: 57 | O35: 57 | P35: 57 | Q35: 57 | R35: 57 | S35: 57 | W35: =+IF(COUNTA(L35:V35)=0,0,Y35/(COUNTA(L35:V35))) -> 57 | Y35: =+SUM(L35:V35) -> 456 | Z35: =+Y35+AA35 -> 3073 | AA35: 2617 | AB35: =+Z34-Z35 -> 753 | AC35: =+IF(((Y36+(Y37/2))*60)=0,"",(I35*Y35)/((Y36+(Y37/2))*60)) -> 0.93319231 | AE35: =+AD35*60 -> 0 | AF35: =+Y35*I35 -> 23292.48
B36: =+B35 -> 7 | D36: =+B35 -> 7 | F36: =+VLOOKUP(F35,'Obj Prix'!$H:$H,2,FALSE) -> #N/A | I36: 2 | J36: EFF | K36: Effectifs | L36: 51 | M36: 51 | N36: 51 | O36: 51 | P36: 51 | Q36: 51 | R36: 51 | S36: 51 | W36: =+W35-J35 -> 2 | Y36: =+SUM(L36:V36) -> 408 | AE36: =+AD36*60 -> 0
B37: =+B35 -> 7 | C37: YOUSSEF | D37: =+D36+100 -> 107 | F37: TOURABI | I37: =+IF(J37="","",IF(J35=0,"",(J35*I35)/(J37*60))) -> 0.90044872 | J37: 52 | K37: Stagiaire | L37: 2 | M37: 2 | N37: 2 | O37: 2 | P37: 2 | Q37: 2 | R37: 2 | S37: 2 | X37: 4.95 | Y37: =+SUM(L37:V37) -> 16 | AB37: =+IFERROR(AB35/(J35*9),"") -> 1.5212121 | AD37: =+Y36+Y37/2 -> 416 | AE37: =+AD37*60 -> 24960 | AG37: =+IF((Y35-J35*9)>=0,"",Y35-J35*9) -> -39
B38: =+B39 -> 8 | I38: VT | J38: P/H | K38: Entre Chaine | X38: =+W40 -> 3 | Y38: =+SUM(L38:V38) -> 0 | Z38: =+AA38+Y38 -> 6320 | AA38: 6320 | AE38: =+AD38*60 -> 0
B39: 8 | C39: 067-22 | E39: Stear | F39: 3013-888-251 | G39: 5500 | H39: SHORT | I39: 28.04 | J39: 107 | K39: Sortie Chaine | L39: 110 | M39: 110 | N39: 110 | O39: 110 | P39: 110 | Q39: 110 | R39: 110 | S39: 110 | W39: =+IF(COUNTA(L39:V39)=0,0,Y39/(COUNTA(L39:V39))) -> 110 | Y39: =+SUM(L39:V39) -> 880 | Z39: =+Y39+AA39 -> 5164 | AA39: 4284 | AB39: =+Z38-Z39 -> 1156 | AC39: =+IF(((Y40+(Y41/2))*60)=0,"",(I39*Y39)/((Y40+(Y41/2))*60)) -> 0.92624625 | AE39: =+AD39*60 -> 0 | AF39: =+Y39*I39 -> 24675.2
B40: =+B39 -> 8 | D40: =+B39 -> 8 | F40: =+VLOOKUP(F39,'Obj Prix'!$H:$H,2,FALSE) -> #N/A | I40: 1 | J40: EFF | K40: Effectifs | L40: 55 | M40: 55 | N40: 55 | O40: 55 | P40: 54 | Q40: 54 | R40: 54 | S40: 54 | W40: =+W39-J39 -> 3 | Y40: =+SUM(L40:V40) -> 436 | AE40: =+AD40*60 -> 0
B41: =+B39 -> 8 | C41: OTMAN | D41: =+D40+100 -> 108 | F41: AMINE | H41: 1PàM+3FL+Cont | I41: =+IF(J41="","",IF(J39=0,"",(J39*I39)/(J41*60))) -> 0.90917576 | J41: 55 | K41: Stagiaire | L41: 2 | M41: 2 | N41: 2 | O41: 2 | P41: 2 | Q41: 2 | R41: 2 | S41: 2 | X41: 32.06 | Y41: =+SUM(L41:V41) -> 16 | AB41: =+IFERROR(AB39/(J39*9),"") -> 1.2004154 | AD41: =+Y40+Y41/2 -> 444 | AE41: =+AD41*60 -> 26640 | AG41: =+IF((Y39-J39*9)>=0,"",Y39-J39*9) -> -83
B42: =+B43 -> 8 | I42: VT | J42: P/H | K42: Entre Chaine | M42: 70 | P42: 70 | X42: =+W44 -> 0 | Y42: =+SUM(L42:V42) -> 140 | Z42: =+AA42+Y42 -> 140 | AE42: =+AD42*60 -> 0
B43: 8 | C43: 078-22 | E43: Stear | F43: 3478-716-756 | H43: Manteau | K43: Sortie Chaine | W43: =+IF(COUNTA(L43:V43)=0,0,Y43/(COUNTA(L43:V43))) -> 0 | Y43: =+SUM(L43:V43) -> 0 | Z43: =+Y43+AA43 -> 0 | AB43: =+Z42-Z43 -> 140 | AC43: =+IF(((Y44+(Y45/2))*60)=0,"",(I43*Y43)/((Y44+(Y45/2))*60)) | AE43: =+AD43*60 -> 0 | AF43: =+Y43*I43 -> 0
B44: =+B43 -> 8 | D44: =+B43 -> 8 | F44: =+VLOOKUP(F43,'Obj Prix'!$H:$H,2,FALSE) -> #N/A | J44: EFF | K44: Effectifs | Y44: =+SUM(L44:V44) -> 0 | AE44: =+AD44*60 -> 0
B45: =+B43 -> 8 | C45: OTMAN | D45: =+D44+100 -> 108 | F45: AMINE | I45: =+IF(J45="","",IF(J43=0,"",(J43*I43)/(J45*60))) | K45: Stagiaire | Y45: =+SUM(L45:V45) -> 0 | AB45: =+IFERROR(AB43/(J43*9),"") | AD45: =+Y44+Y45/2 -> 0 | AE45: =+AD45*60 -> 0 | AG45: =+IF((Y43-J43*9)>=0,"",Y43-J43*9)
B46: =+B47 -> 9 | I46: VT | J46: P/H | K46: Entre Chaine | L46: 70 | M46: 70 | N46: 70 | O46: 70 | P46: 70 | X46: =+W48 -> 1.125 | Y46: =+SUM(L46:V46) -> 350 | Z46: =+AA46+Y46 -> 6021 | AA46: 5671 | AE46: =+AD46*60 -> 0
B47: 9 | C47: 040-22 | E47: Stear | F47: 7560-939-620 | G47: 12500 | H47: Veste | I47: 52.3 | J47: 55 | K47: Sortie Chaine | L47: 57 | M47: 57 | N47: 57 | O47: 57 | P47: 57 | Q47: 57 | R47: 50 | S47: 57 | W47: =+IF(COUNTA(L47:V47)=0,0,Y47/(COUNTA(L47:V47))) -> 56.125 | Y47: =+SUM(L47:V47) -> 449 | Z47: =+Y47+AA47 -> 5398 | AA47: 4949 | AB47: =+Z46-Z47 -> 623 | AC47: =+IF(((Y48+(Y49/2))*60)=0,"",(I47*Y47)/((Y48+(Y49/2))*60)) -> 0.88949621 | AE47: =+AD47*60 -> 0 | AF47: =+Y47*I47 -> 23482.7
B48: =+B47 -> 9 | F48: =+VLOOKUP(F47,'Obj Prix'!$H:$H,2,FALSE) -> #N/A | J48: EFF | K48: Effectifs | L48: 54 | M48: 54 | N48: 54 | O48: 54 | P48: 54 | Q48: 54 | R48: 54 | S48: 54 | W48: =+W47-J47 -> 1.125 | Y48: =+SUM(L48:V48) -> 432 | AE48: =+AD48*60 -> 0
B49: =+B47 -> 9 | C49: HASSAN | D49: =+D48+100 -> 100 | F49: TOURABI | I49: =+IF(J49="","",IF(J47=0,"",(J47*I47)/(J49*60))) -> 0.92195513 | J49: 52 | K49: Stagiaire | L49: 2 | M49: 2 | N49: 2 | O49: 2 | P49: 2 | Q49: 2 | R49: 2 | S49: 2 | X49: 16.92 | Y49: =+SUM(L49:V49) -> 16 | AB49: =+IFERROR(AB47/(J47*9),"") -> 1.2585859 | AD49: =+Y48+Y49/2 -> 440 | AE49: =+AD49*60 -> 26400 | AG49: =+IF((Y47-J47*9)>=0,"",Y47-J47*9) -> -46
B50: =+B51 -> 11 | I50: VT | J50: P/H | K50: Entre Chaine | X50: =+W52 -> 0 | Y50: =+SUM(L50:V50) -> 0 | Z50: =+AA50+Y50 -> 8804 | AA50: 8804 | AE50: =+AD50*60 -> 0
B51: 11 | C51: 034-22 | E51: Stear | F51: 3013-888-251 | G51: 8270 | H51: SHORT | I51: 28.04 | J51: 107 | K51: Sortie Chaine | W51: =+IF(COUNTA(L51:V51)=0,0,Y51/(COUNTA(L51:V51))) -> 0 | Y51: =+SUM(L51:V51) -> 0 | Z51: =+Y51+AA51 -> 8719 | AA51: 8719 | AB51: =+Z50-Z51 -> 85 | AC51: =+IF(((Y52+(Y53/2))*60)=0,"",(I51*Y51)/((Y52+(Y53/2))*60)) | AE51: =+AD51*60 -> 0 | AF51: =+Y51*I51 -> 0
B52: =+B51 -> 11 | F52: =+VLOOKUP(F51,'Obj Prix'!$H:$H,2,FALSE) -> #N/A | I52: 0 | J52: EFF | K52: Effectifs | Y52: =+SUM(L52:V52) -> 0 | AE52: =+AD52*60 -> 0
B53: =+B51 -> 11 | C53: ABDRAZZAK | D53: =+D52+100 -> 100 | F53: AMINE | I53: =+IF(J53="","",IF(J51=0,"",(J51*I51)/(J53*60))) -> 0.86214943 | J53: 58 | K53: Stagiaire | X53: 21.71 | Y53: =+SUM(L53:V53) -> 0 | AB53: =+IFERROR(AB51/(J51*9),"") -> 0.088265836 | AD53: =+Y52+Y53/2 -> 0 | AE53: =+AD53*60 -> 0 | AG53: =+IF((Y51-J51*9)>=0,"",Y51-J51*9) -> -963
B54: =+B55 -> 11 | I54: VT | J54: P/H | K54: Entre Chaine | X54: =+W56 -> 13 | Y54: =+SUM(L54:V54) -> 0 | Z54: =+AA54+Y54 -> 6770 | AA54: 6770 | AE54: =+AD54*60 -> 0
B55: 11 | C55: 067-22 | E55: Stear | F55: 3013-888-251 | G55: 7730 | H55: SHORT | I55: 28.04 | J55: 107 | K55: Sortie Chaine | L55: 70 | M55: 150 | N55: 125 | O55: 130 | P55: 125 | Q55: 120 | R55: 120 | S55: 120 | W55: =+IF(COUNTA(L55:V55)=0,0,Y55/(COUNTA(L55:V55))) -> 120 | Y55: =+SUM(L55:V55) -> 960 | Z55: =+Y55+AA55 -> 6288 | AA55: 5328 | AB55: =+Z54-Z55 -> 482 | AC55: =+IF(((Y56+(Y57/2))*60)=0,"",(I55*Y55)/((Y56+(Y57/2))*60)) -> 1.8237398 | AE55: =+AD55*60 -> 0 | AF55: =+Y55*I55 -> 26918.4
B56: =+B55 -> 11 | F56: =+VLOOKUP(F55,'Obj Prix'!$H:$H,2,FALSE) -> #N/A | I56: 0 | J56: EFF | K56: Effectifs | L56: 43 | M56: 36 | N56: 34 | O56: 32 | P56: 30 | Q56: 25 | R56: 23 | S56: 23 | W56: =+W55-J55 -> 13 | Y56: =+SUM(L56:V56) -> 246 | AE56: =+AD56*60 -> 0
B57: =+B55 -> 11 | C57: ABDRAZZAK | D57: =+D56+100 -> 100 | F57: AMINE | H57: 1PàM+3PL+Cont | I57: =+IF(J57="","",IF(J55=0,"",(J55*I55)/(J57*60))) -> 0.86214943 | J57: 58 | K57: Stagiaire | Y57: =+SUM(L57:V57) -> 0 | AB57: =+IFERROR(AB55/(J55*9),"") -> 0.50051921 | AD57: =+Y56+Y57/2 -> 246 | AE57: =+AD57*60 -> 14760 | AG57: =+IF((Y55-J55*9)>=0,"",Y55-J55*9) -> -3
B58: =+B59 -> 11 | I58: VT | J58: P/H | K58: Entre Chaine | L58: 70 | O58: 70 | X58: =+W60 -> 0 | Y58: =+SUM(L58:V58) -> 140 | Z58: =+AA58+Y58 -> 140 | AE58: =+AD58*60 -> 0
B59: 11 | C59: 078-22 | E59: Stear | F59: 3478-716-756 | H59: Manteau | K59: Sortie Chaine | W59: =+IF(COUNTA(L59:V59)=0,0,Y59/(COUNTA(L59:V59))) -> 0 | Y59: =+SUM(L59:V59) -> 0 | Z59: =+Y59+AA59 -> 0 | AB59: =+Z58-Z59 -> 140 | AC59: =+IF(((Y60+(Y61/2))*60)=0,"",(I59*Y59)/((Y60+(Y61/2))*60)) -> 0 | AE59: =+AD59*60 -> 0 | AF59: =+Y59*I59 -> 0
B60: =+B59 -> 11 | F60: =+VLOOKUP(F59,'Obj Prix'!$H:$H,2,FALSE) -> #N/A | I60: 0 | J60: EFF | K60: Effectifs | L60: =56-L56 -> 13 | M60: =56-M56 -> 20 | N60: 22 | O60: 24 | P60: 26 | Q60: 31 | R60: 33 | S60: 33 | Y60: =+SUM(L60:V60) -> 202 | AE60: =+AD60*60 -> 0
B61: =+B59 -> 11 | C61: ABDRAZZAK | D61: =+D60+100 -> 100 | F61: AMINE | I61: =+IF(J61="","",IF(J59=0,"",(J59*I59)/(J61*60))) | K61: Stagiaire | L61: 3 | M61: 3 | N61: 3 | O61: 3 | P61: 3 | Q61: 3 | R61: 3 | S61: 3 | Y61: =+SUM(L61:V61) -> 24 | AB61: =+IFERROR(AB59/(J59*9),"") | AD61: =+Y60+Y61/2 -> 214 | AE61: =+AD61*60 -> 12840 | AG61: =+IF((Y59-J59*9)>=0,"",Y59-J59*9)
B62: =+B63 -> 12 | I62: VT | J62: P/H | K62: Entre Chaine | X62: =+W64 -> 0 | Y62: =+SUM(L62:V62) -> 0 | Z62: =+AA62+Y62 -> 4158 | AA62: 4158 | AE62: =+AD62*60 -> 0
B63: 12 | C63: 041-22 | E63: Stear | F63: 2189-666-800 | G63: 4000 | H63: Veste | I63: 58.32 | J63: 49 | K63: Sortie Chaine | L63: 35 | M63: 50 | N63: 64 | O63: 40 | P63: 55 | Q63: 50 | R63: 49 | S63: 49 | W63: =+IF(COUNTA(L63:V63)=0,0,Y63/(COUNTA(L63:V63))) -> 49 | Y63: =+SUM(L63:V63) -> 392 | Z63: =+Y63+AA63 -> 4114 | AA63: 3722 | AB63: =+Z62-Z63 -> 44 | AC63: =+IF(((Y64+(Y65/2))*60)=0,"",(I63*Y63)/((Y64+(Y65/2))*60)) -> 1.548878 | AE63: =+AD63*60 -> 0 | AF63: =+Y63*I63 -> 22861.44
B64: =+B63 -> 12 | D64: =+B63 -> 12 | F64: =+VLOOKUP(F63,'Obj Prix'!$H:$H,2,FALSE) -> #N/A | I64: 2 | J64: EFF | K64: Effectifs | L64: 47 | M64: 41 | N64: 38 | O64: 35 | P64: 30 | Q64: 25 | R64: 15 | S64: 10 | W64: =+W63-J63 -> 0 | Y64: =+SUM(L64:V64) -> 241 | AE64: =+AD64*60 -> 0
B65: =+B63 -> 12 | C65: SAID | D65: =+D64+100 -> 112 | F65: AMINE | I65: =+IF(J65="","",IF(J63=0,"",(J63*I63)/(J65*60))) -> 0.882 | J65: 54 | K65: Stagiaire | L65: 2 | M65: 2 | N65: 2 | O65: 2 | P65: 2 | X65: 32.21 | Y65: =+SUM(L65:V65) -> 10 | AB65: =+IFERROR(AB63/(J63*9),"") -> 0.099773243 | AD65: =+Y64+Y65/2 -> 246 | AE65: =+AD65*60 -> 14760 | AG65: =+IF((Y63-J63*9)>=0,"",Y63-J63*9) -> -49
B66: =+B67 -> 12 | I66: VT | J66: P/H | K66: Entre Chaine | L66: 70 | M66: 35 | N66: 35 | O66: 70 | Q66: 70 | R66: 70 | X66: =+W68 -> 0 | Y66: =+SUM(L66:V66) -> 350 | Z66: =+AA66+Y66 -> 420 | AA66: 70 | AE66: =+AD66*60 -> 0
B67: 12 | C67: 040-22 | E67: Stear | F67: 7560-939-620 | G67: 12500 | H67: Veste | I67: 52.3 | J67: 55 | K67: Sortie Chaine | W67: =+IF(COUNTA(L67:V67)=0,0,Y67/(COUNTA(L67:V67))) -> 0 | Y67: =+SUM(L67:V67) -> 0 | Z67: =+Y67+AA67 -> 0 | AA67: 0 | AB67: =+Z66-Z67 -> 420 | AC67: =+IF(((Y68+(Y69/2))*60)=0,"",(I67*Y67)/((Y68+(Y69/2))*60)) -> 0 | AE67: =+AD67*60 -> 0 | AF67: =+Y67*I67 -> 0
B68: =+B67 -> 12 | D68: =+B67 -> 12 | F68: =+VLOOKUP(F67,'Obj Prix'!$H:$H,2,FALSE) -> #N/A | J68: EFF | K68: Effectifs | L68: =52-L64 -> 5 | M68: =52-M64 -> 11 | N68: 14 | O68: 17 | P68: 22 | Q68: 27 | R68: 37 | S68: 42 | Y68: =+SUM(L68:V68) -> 175 | AE68: =+AD68*60 -> 0
B69: =+B67 -> 12 | C69: SAID | D69: =+D68+100 -> 112 | F69: AMINE | I69: =+IF(J69="","",IF(J67=0,"",(J67*I67)/(J69*60))) -> 0.88780864 | J69: 54 | K69: Stagiaire | L69: 1 | M69: 1 | N69: 1 | O69: 1 | P69: 1 | Q69: 3 | R69: 3 | S69: 3 | Y69: =+SUM(L69:V69) -> 14 | AB69: =+IFERROR(AB67/(J67*9),"") -> 0.84848485 | AD69: =+Y68+Y69/2 -> 182 | AE69: =+AD69*60 -> 10920 | AG69: =+IF((Y67-J67*9)>=0,"",Y67-J67*9) -> -495
B70: =+B71 -> 13 | I70: VT | J70: P/H | K70: Entre Chaine | L70: 150 | M70: 75 | N70: 75 | P70: 75 | Q70: 75 | X70: =+W72 -> 0 | Y70: =+SUM(L70:V70) -> 450 | Z70: =+AA70+Y70 -> 3801 | AA70: 3351 | AE70: =+AD70*60 -> 0
B71: 13 | C71: 061-22 | E71: Denllo | F71: 7689-452-420 | G71: 16666 | H71: Robe | I71: 55.8 | J71: 60 | K71: Sortie Chaine | L71: 60 | M71: 60 | N71: 60 | O71: 60 | P71: 60 | Q71: 60 | R71: 53 | S71: 67 | W71: =+IF(COUNTA(L71:V71)=0,0,Y71/(COUNTA(L71:V71))) -> 60 | Y71: =+SUM(L71:V71) -> 480 | Z71: =+Y71+AA71 -> 2552 | AA71: 2072 | AB71: =+Z70-Z71 -> 1249 | AC71: =+IF(((Y72+(Y73/2))*60)=0,"",(I71*Y71)/((Y72+(Y73/2))*60)) -> 0.94576271 | AE71: =+AD71*60 -> 0 | AF71: =+Y71*I71 -> 26784
B72: =+B71 -> 13 | F72: =+VLOOKUP(F71,'Obj Prix'!$H:$H,2,FALSE) -> #N/A | I72: 2 | J72: EFF | K72: Effectifs | L72: 57 | M72: 57 | N72: 57 | O72: 57 | P72: 57 | Q72: 57 | R72: 57 | S72: 57 | W72: =+W71-J71 -> 0 | Y72: =+SUM(L72:V72) -> 456 | AE72: =+AD72*60 -> 0
B73: =+B71 -> 13 | C73: DENNI | D73: =+D72+100 -> 100 | F73: AMINE | H73: 5PL+1Cont | I73: =+IF(J73="","",IF(J71=0,"",(J71*I71)/(J73*60))) -> 0.88571429 | J73: 63 | K73: Stagiaire | L73: 4 | M73: 4 | N73: 4 | O73: 4 | P73: 4 | Q73: 4 | R73: 4 | S73: 4 | X73: 39 | Y73: =+SUM(L73:V73) -> 32 | AB73: =+IFERROR(AB71/(J71*9),"") -> 2.312963 | AD73: =+Y72+Y73/2 -> 472 | AE73: =+AD73*60 -> 28320 | AG73: =+IF((Y71-J71*9)>=0,"",Y71-J71*9) -> -60
B74: =+B75 -> 14 | I74: VT | J74: P/H | K74: Entre Chaine | L74: 150 | M74: 75 | N74: 75 | P74: 75 | Q74: 75 | X74: =+W76 -> 0 | Y74: =+SUM(L74:V74) -> 450 | Z74: =+AA74+Y74 -> 3953 | AA74: 3503 | AE74: =+AD74*60 -> 0
B75: 14 | C75: 061-22 | E75: Denllo | F75: 7689-452-420 | G75: 16666 | H75: Robe | I75: 55.8 | J75: 60 | K75: Sortie Chaine | L75: 45 | M75: 60 | N75: 60 | O75: 60 | P75: 60 | Q75: 60 | R75: 60 | S75: 75 | W75: =+IF(COUNTA(L75:V75)=0,0,Y75/(COUNTA(L75:V75))) -> 60 | Y75: =+SUM(L75:V75) -> 480 | Z75: =+Y75+AA75 -> 3057 | AA75: 2577 | AB75: =+Z74-Z75 -> 896 | AC75: =+IF(((Y76+(Y77/2))*60)=0,"",(I75*Y75)/((Y76+(Y77/2))*60)) -> 0.94978723 | AE75: =+AD75*60 -> 0 | AF75: =+Y75*I75 -> 26784
B76: =+B75 -> 14 | D76: =+B75 -> 14 | F76: =+VLOOKUP(F75,'Obj Prix'!$H:$H,2,FALSE) -> #N/A | I76: 1 | J76: EFF | K76: Effectifs | L76: 55 | M76: 57 | N76: 57 | O76: 57 | P76: 57 | Q76: 57 | R76: 57 | S76: 57 | W76: =+W75-J75 -> 0 | Y76: =+SUM(L76:V76) -> 454 | AE76: =+AD76*60 -> 0
B77: =+B75 -> 14 | C77: HASSAN | D77: =+D76+100 -> 114 | F77: AMINE | H77: 5PL+1Cont | I77: =+IF(J77="","",IF(J75=0,"",(J75*I75)/(J77*60))) -> 0.88571429 | J77: 63 | K77: Stagiaire | L77: 4 | M77: 4 | N77: 4 | O77: 4 | P77: 4 | Q77: 4 | R77: 4 | S77: 4 | X77: 42.54 | Y77: =+SUM(L77:V77) -> 32 | AB77: =+IFERROR(AB75/(J75*9),"") -> 1.6592593 | AD77: =+Y76+Y77/2 -> 470 | AE77: =+AD77*60 -> 28200 | AG77: =+IF((Y75-J75*9)>=0,"",Y75-J75*9) -> -60
B78: =+B79 -> 15 | I78: VT | J78: P/H | K78: Entre Chaine | L78: 50 | M78: 50 | N78: 50 | O78: 100 | P78: 50 | Q78: 100 | R78: 100 | X78: =+W80 -> 0 | Y78: =+SUM(L78:V78) -> 500 | Z78: =+AA78+Y78 -> 2201 | AA78: 1701 | AE78: =+AD78*60 -> 0
B79: 15 | C79: 064-22 | E79: Stear | F79: 8035-888-800 | G79: 6600 | H79: Veste | I79: 51.08 | J79: 55 | K79: Sortie Chaine | L79: 55 | M79: 55 | N79: 55 | O79: 55 | P79: 55 | Q79: 55 | R79: 55 | S79: 55 | W79: =+IF(COUNTA(L79:V79)=0,0,Y79/(COUNTA(L79:V79))) -> 55 | Y79: =+SUM(L79:V79) -> 440 | Z79: =+Y79+AA79 -> 1311 | AA79: 871 | AB79: =+Z78-Z79 -> 890 | AC79: =+IF(((Y80+(Y81/2))*60)=0,"",(I79*Y79)/((Y80+(Y81/2))*60)) -> 0.96542955 | AE79: =+AD79*60 -> 0 | AF79: =+Y79*I79 -> 22475.2
B80: =+B79 -> 15 | D80: =+B79 -> 15 | F80: =+VLOOKUP(F79,'Obj Prix'!$H:$H,2,FALSE) -> #N/A | I80: 1 | J80: EFF | K80: Effectifs | L80: 48 | M80: 48 | N80: 48 | O80: 48 | P80: 48 | Q80: 48 | R80: 48 | S80: 48 | W80: =+W79-J79 -> 0 | Y80: =+SUM(L80:V80) -> 384 | AE80: =+AD80*60 -> 0
B81: =+B79 -> 15 | C81: FARID | D81: =+D80+100 -> 115 | F81: TOURABI | I81: =+IF(J81="","",IF(J79=0,"",(J79*I79)/(J81*60))) -> 0.90044872 | J81: 52 | K81: Stagiaire | L81: 1 | M81: 1 | N81: 1 | O81: 1 | P81: 1 | Q81: 1 | R81: 1 | S81: 1 | X81: 11.95 | Y81: =+SUM(L81:V81) -> 8 | AB81: =+IFERROR(AB79/(J79*9),"") -> 1.7979798 | AD81: =+Y80+Y81/2 -> 388 | AE81: =+AD81*60 -> 23280 | AG81: =+IF((Y79-J79*9)>=0,"",Y79-J79*9) -> -55
B82: =+B83 -> 17 | I82: VT | J82: P/H | K82: Entre Chaine | L82: 140 | M82: 140 | N82: 140 | X82: =+W84 -> -13.75 | Y82: =+SUM(L82:V82) -> 420 | Z82: =+AA82+Y82 -> 3089 | AA82: 2669 | AE82: =+AD82*60 -> 0
B83: 17 | C83: 069-22 | E83: sweet | F83: 0926-692-800 | G83: 10000 | H83: Robe | I83: 39.5 | J83: 80 | K83: Sortie Chaine | L83: 60 | M83: 60 | N83: 60 | O83: 70 | P83: 70 | Q83: 70 | R83: 70 | S83: 70 | W83: =+IF(COUNTA(L83:V83)=0,0,Y83/(COUNTA(L83:V83))) -> 66.25 | Y83: =+SUM(L83:V83) -> 530 | Z83: =+Y83+AA83 -> 1048 | AA83: 518 | AB83: =+Z82-Z83 -> 2041 | AC83: =+IF(((Y84+(Y85/2))*60)=0,"",(I83*Y83)/((Y84+(Y85/2))*60)) -> 0.71793553 | AE83: =+AD83*60 -> 0 | AF83: =+Y83*I83 -> 20935
B84: =+B83 -> 17 | F84: =+VLOOKUP(F83,'Obj Prix'!$H:$H,2,FALSE) -> #N/A | J84: EFF | K84: Effectifs | L84: 58 | M84: 60 | N84: 60 | O84: 60 | P84: 60 | Q84: 60 | R84: 60 | S84: 60 | W84: =+W83-J83 -> -13.75 | Y84: =+SUM(L84:V84) -> 478 | AE84: =+AD84*60 -> 0
B85: =+B83 -> 17 | C85: YASSIN | D85: =+D84+100 -> 100 | F85: TOURABI | H85: 1PàM+3FL+Cont | I85: =+IF(J85="","",IF(J83=0,"",(J83*I83)/(J85*60))) -> 0.87777778 | J85: 60 | K85: Stagiaire | L85: 2 | M85: 2 | N85: 2 | O85: 2 | P85: 2 | Q85: 2 | R85: 2 | S85: 2 | X85: =31.53+(COUNTA(L83:V83)-(Y83/J83)) -> 32.905 | Y85: =+SUM(L85:V85) -> 16 | AB85: =+IFERROR(AB83/(J83*9),"") -> 2.8347222 | AD85: =+Y84+Y85/2 -> 486 | AE85: =+AD85*60 -> 29160 | AG85: =+IF((Y83-J83*9)>=0,"",Y83-J83*9) -> -190
B86: =+B87 -> 18 | I86: VT | J86: P/H | K86: Entre Chaine | L86: 75 | M86: 75 | N86: 75 | P86: 75 | Q86: 75 | R86: 75 | X86: =+W88 -> -1.875 | Y86: =+SUM(L86:V86) -> 450 | Z86: =+AA86+Y86 -> 3670 | AA86: 3220 | AE86: =+AD86*60 -> 0
B87: 18 | C87: 061-22 | E87: Denllo | F87: 7689-452-420 | G87: 16666 | H87: Robe | I87: 55.8 | J87: 60 | K87: Sortie Chaine | L87: 55 | M87: 60 | N87: 60 | O87: 60 | P87: 60 | Q87: 60 | R87: 60 | S87: 50 | W87: =+IF(COUNTA(L87:V87)=0,0,Y87/(COUNTA(L87:V87))) -> 58.125 | Y87: =+SUM(L87:V87) -> 465 | Z87: =+Y87+AA87 -> 2474 | AA87: 2009 | AB87: =+Z86-Z87 -> 1196 | AC87: =+IF(((Y88+(Y89/2))*60)=0,"",(I87*Y87)/((Y88+(Y89/2))*60)) -> 0.87896341 | AE87: =+AD87*60 -> 0 | AF87: =+Y87*I87 -> 25947
B88: =+B87 -> 18 | D88: =+B87 -> 18 | F88: =+VLOOKUP(F87,'Obj Prix'!$H:$H,2,FALSE) -> #N/A | H88: 1 | J88: EFF | K88: Effectifs | L88: 61 | M88: 61 | N88: 61 | O88: 61 | P88: 61 | Q88: 61 | R88: 61 | S88: 61 | W88: =+W87-J87 -> -1.875 | Y88: =+SUM(L88:V88) -> 488 | AE88: =+AD88*60 -> 0
B89: =+B87 -> 18 | C89: ABDENOUR | D89: =+D88+100 -> 118 | F89: AMINE | I89: =+IF(J89="","",IF(J87=0,"",(J87*I87)/(J89*60))) -> 0.97894737 | J89: 57 | K89: Stagiaire | L89: 1 | M89: 1 | N89: 1 | O89: 1 | P89: 1 | Q89: 1 | R89: 1 | S89: 1 | X89: =51.79+(COUNTA(L87:V87)-(Y87/J87)) -> 52.04 | Y89: =+SUM(L89:V89) -> 8 | AB89: =+IFERROR(AB87/(J87*9),"") -> 2.2148148 | AD89: =+Y88+Y89/2 -> 492 | AE89: =+AD89*60 -> 29520 | AG89: =+IF((Y87-J87*9)>=0,"",Y87-J87*9) -> -75
B90: =+B91 -> 19 | I90: VT | J90: P/H | K90: Entre Chaine | L90: 70 | M90: 70 | N90: 51 | O90: 51 | P90: 70 | Q90: 26 | R90: 26 | X90: =+W92 -> 5 | Y90: =+SUM(L90:V90) -> 364 | Z90: =+AA90+Y90 -> 1947 | AA90: 1583 | AE90: =+AD90*60 -> 0
B91: 19 | C91: 66-22 | E91: Stear | F91: 7541-358-743 | H91: Gillet | I91: 61 | J91: 55 | K91: Sortie Chaine | L91: 60 | M91: 60 | N91: 60 | O91: 60 | P91: 60 | Q91: 60 | R91: 60 | S91: 60 | W91: =+IF(COUNTA(L91:V91)=0,0,Y91/(COUNTA(L91:V91))) -> 60 | Y91: =+SUM(L91:V91) -> 480 | Z91: =+Y91+AA91 -> 1180 | AA91: 700 | AB91: =+Z90-Z91 -> 767 | AC91: =+IF(((Y92+(Y93/2))*60)=0,"",(I91*Y91)/((Y92+(Y93/2))*60)) -> 1 | AE91: =+AD91*60 -> 0 | AF91: =+Y91*I91 -> 29280
B92: =+B91 -> 19 | D92: =+B91 -> 19 | F92: =+VLOOKUP(F91,'Obj Prix'!$H:$H,2,FALSE) -> #N/A | J92: EFF | K92: Effectifs | L92: 59 | M92: 59 | N92: 59 | O92: 59 | P92: 59 | Q92: 59 | R92: 59 | S92: 59 | W92: =+W91-J91 -> 5 | Y92: =+SUM(L92:V92) -> 472 | AE92: =+AD92*60 -> 0
B93: =+B91 -> 19 | C93: AHMED | D93: =+D92+100 -> 119 | F93: TOURABI | H93: 4PàM+1FL+4 sp | I93: =+IF(J93="","",IF(J91=0,"",(J91*I91)/(J93*60))) -> 0.90188172 | J93: 62 | K93: Stagiaire | L93: 4 | M93: 4 | N93: 4 | O93: 4 | P93: 4 | Q93: 4 | R93: 4 | S93: 4 | X93: 15.12 | Y93: =+SUM(L93:V93) -> 32 | AB93: =+IFERROR(AB91/(J91*9),"") -> 1.5494949 | AD93: =+Y92+Y93/2 -> 488 | AE93: =+AD93*60 -> 29280 | AG93: =+IF((Y91-J91*9)>=0,"",Y91-J91*9) -> -15
B94: =+B95 -> 21 | I94: VT | J94: P/H | K94: Entre Chaine | X94: =+W96 -> 0 | Y94: =+SUM(L94:V94) -> 0 | Z94: =+AA94+Y94 -> 820 | AA94: 820 | AE94: =+AD94*60 -> 0
B95: 21 | C95: 044-22 | E95: Denllo | F95: 7520-645-401 | G95: 800 | H95: Gillet | K95: Sortie Chaine | W95: =+IF(COUNTA(L95:V95)=0,0,Y95/(COUNTA(L95:V95))) -> 0 | Y95: =+SUM(L95:V95) -> 0 | Z95: =+Y95+AA95 -> 0 | AA95: 0 | AB95: =+Z94-Z95 -> 820 | AC95: =+IF(((Y96+(Y97/2))*60)=0,"",(I95*Y95)/((Y96+(Y97/2))*60)) | AE95: =+AD95*60 -> 0 | AF95: =+Y95*I95 -> 0
B96: =+B95 -> 21 | D96: =+B95 -> 21 | F96: =+VLOOKUP(F95,'Obj Prix'!$H:$H,2,FALSE) -> #N/A | J96: EFF | K96: Effectifs | W96: =+W95-J95 -> 0 | Y96: =+SUM(L96:V96) -> 0 | AE96: =+AD96*60 -> 0
B97: =+B95 -> 21 | C97: BACHIR | D97: =+D96+100 -> 121 | F97: REDOUANE | I97: =+IF(J97="","",IF(J95=0,"",(J95*I95)/(J97*60))) | J97: 23 | K97: Stagiaire | Y97: =+SUM(L97:V97) -> 0 | AB97: =+IFERROR(AB95/(J95*9),"") | AD97: =+Y96+Y97/2 -> 0 | AE97: =+AD97*60 -> 0 | AG97: =+IF((Y95-J95*9)>=0,"",Y95-J95*9)
K99: Sortie Chaine | L99: =+SUMIF($K$6:$K$98,$K$99,L6:L98) -> 927 | M99: =+SUMIF($K$6:$K$98,$K$99,M6:M98) -> 1007 | N99: =+SUMIF($K$6:$K$98,$K$99,N6:N98) -> 1039 | O99: =+SUMIF($K$6:$K$98,$K$99,O6:O98) -> 1041 | P99: =+SUMIF($K$6:$K$98,$K$99,P6:P98) -> 1027 | Q99: =+SUMIF($K$6:$K$98,$K$99,Q6:Q98) -> 1059 | R99: =+SUMIF($K$6:$K$98,$K$99,R6:R98) -> 1050 | S99: =+SUMIF($K$6:$K$98,$K$99,S6:S98) -> 1069 | ... V99: =+SUMIF($K$6:$K$98,$K$99,V6:V98) -> 0 | X99: =+SUM(L99:V99) -> 8219 | AE99: =+AD99*60 -> 0
K101: Effectifs | L101: =+SUMIF($K$6:$K$98,$K$101,L6:L98) -> 878 | M101: =+SUMIF($K$6:$K$98,$K$101,M6:M98) -> 883 | N101: =+SUMIF($K$6:$K$98,$K$101,N6:N98) -> 883 | O101: =+SUMIF($K$6:$K$98,$K$101,O6:O98) -> 883 | P101: =+SUMIF($K$6:$K$98,$K$101,P6:P98) -> 882 | Q101: =+SUMIF($K$6:$K$98,$K$101,Q6:Q98) -> 882 | R101: =+SUMIF($K$6:$K$98,$K$101,R6:R98) -> 882 | S101: =+SUMIF($K$6:$K$98,$K$101,S6:S98) -> 882 | ... V101: =+SUMIF($K$6:$K$98,$K$101,V6:V98) -> 0
K103: Stagiaire | L103: =+SUMIF($K$6:$K$98,$K$103,L6:L98) -> 42 | M103: =+SUMIF($K$6:$K$98,$K$103,M6:M98) -> 42 | N103: =+SUMIF($K$6:$K$98,$K$103,N6:N98) -> 42 | O103: =+SUMIF($K$6:$K$98,$K$103,O6:O98) -> 42 | P103: =+SUMIF($K$6:$K$98,$K$103,P6:P98) -> 42 | Q103: =+SUMIF($K$6:$K$98,$K$103,Q6:Q98) -> 42 | R103: =+SUMIF($K$6:$K$98,$K$103,R6:R98) -> 42 | S103: =+SUMIF($K$6:$K$98,$K$103,S6:S98) -> 42 | ... V103: =+SUMIF($K$6:$K$98,$K$103,V6:V98) -> 0
...

Sheet 13-08-2022 (2)
B1: LA FICHE DE PRODUCTION DES CHAÎNES E06.03C | AB1: EXL 009-20
A2: 77 | AB2: =+AF2/AE2 -> 0.84402421 | AD2: 45 | AE2: =+SUBTOTAL(9,AE6:AE99) -> 382942.5 | AF2: =+SUBTOTAL(9,AF6:AF99) -> 323212.74
J3: HEURES SAISIE | L3: 6:45 | M3: 8:05 | N3: 9:05 | O3: 10:05 | P3: 11:20 | Q3: 12:20 | R3: 13:20 | S3: 14:20 | T3: 15:30 | AD3: 35 | AG3: 15
B4: CODERSA S.A.R.L. | J4: Fin Heure | L4: 6:45 | M4: 7:45 | N4: 8:45 | O4: 9:45 | P4: 11:00 | Q4: 12:00 | R4: 13:00 | S4: 14:00 | T4: 15:00 | U4: Arrêt Chaudière 45min | Y4: =+X83 -> 4927 | Z4: DATE : | AB4: 44786 | AD4: =+SUM(AD6:AD87) -> 6338.5 | AE4: =+SUM(AE6:AE87) -> 382942.5 | AF4: =+SUM(AF6:AF87) -> 323212.74 | AG4: =+SUM(AG6:AG87) -> 6213.625
B5: CH | C5: IMPORT | E5: CLIENT | F5: MODELE | G5: QTE PREVU | H5: DESIG | I5: METHODES | L5: 1 | M5: 2 | N5: 3 | O5: 4 | P5: 5 | Q5: 6 | R5: 7 | S5: 8 | T5: 9 | U5: 10 | V5: 11 | W5: Moy | X5: H.Lancement | Y5: Total | Z5: Cumul | AB5: Encours
B6: =+B7 -> 1 | I6: VT | J6: P/H | K6: Entre Chaine | L6: 50 | M6: 50 | N6: 50 | X6: =+W8 -> -2.3333333 | Y6: =+SUM(L6:V6) -> 150 | Z6: =+AA6+Y6 -> 2450 | AA6: 2300
B7: 1 | C7: 106-22 | E7: ZARA-MAT | F7: 340-350-401 | G7: 3000 | I7: 75.47 | J7: 37 | K7: Sortie Chaine | L7: 37 | M7: 37 | N7: 37 | O7: 37 | P7: 37 | Q7: 37 | R7: 19 | S7: 19 | W7: =+IF(COUNTA(L7:V7)=8,Y7/(COUNTA(L7:V7)-0.5),IF(COUNTA(L7:V7)=0,0,Y7/COUNTA(L7:V7))) -> 34.666667 | Y7: =+SUM(L7:V7) -> 260 | Z7: =+Y7+AA7 -> 2000 | AA7: 1740 | AB7: =+Z6-Z7 -> 450 | AC7: =+IF(((Y8+(Y9/2))*60)=0,"",(I7*Y7)/((Y8+(Y9/2))*60)) -> 0.74538272 | AF7: =+Y7*I7 -> 19622.2
B8: =B7 -> 1 | D8: =+B7 -> 1 | F8: =+VLOOKUP(F7,'Obj Prix'!$H:$H,2,FALSE) -> #N/A | I8: 2 | J8: EFF | K8: Effectifs | L8: 58 | M8: 58 | N8: 58 | O8: 58 | P8: 58 | Q8: 58 | R8: 58 | S8: 58 | W8: =+W7-J7 -> -2.3333333 | Y8: =+SUM(L8:V8)-S8/2 -> 435 | AD8: =-(R8+(R9/2))*$AD$2/60 -> -43.875
B9: =B7 -> 1 | C9: HICHAM | D9: =+D8+100 -> 101 | F9: AMINE | H9: 1 Spc + 1 PàM | I9: =+IF(J9="","",IF(J7=0,"",(J7*I7)/(J9*60))) -> 0.83106845 | J9: 56 | K9: Stagiaire | L9: 1 | M9: 1 | N9: 1 | O9: 1 | P9: 1 | Q9: 1 | R9: 1 | S9: 1 | X9: 17.19 | Y9: =+SUM(L9:V9)-S9/2 -> 7.5 | AB9: =+IFERROR(AB7/(J7*9),"") -> 1.3513514 | AD9: =+Y8+Y9/2 -> 438.75 | AE9: =+AD9*60 -> 26325 | AG9: =+AD8+AD9 -> 394.875
B10: =+B11 -> 2 | I10: VT | J10: P/H | K10: Entre Chaine | L10: 80 | M10: 80 | N10: 80 | P10: 40 | R10: 40 | X10: =+W12 -> -3.8666667 | Y10: =+SUM(L10:V10) -> 320 | Z10: =+AA10+Y10 -> 3040 | AA10: 2720 | AE10: =+AD10*60 -> 0
B11: 2 | C11: 127-22 | E11: Stear | F11: 8456-298-800 | G11: 8731 | H11: manteau | I11: 54.97 | J11: 50 | K11: Sortie Chaine | L11: 40 | M11: 50 | N11: 50 | O11: 45 | P11: 50 | Q11: 50 | R11: 36 | S11: 25 | W11: =+IF(COUNTA(L11:V11)=8,Y11/(COUNTA(L11:V11)-0.5),IF(COUNTA(L11:V11)=0,0,Y11/COUNTA(L11:V11))) -> 46.133333 | Y11: =+SUM(L11:V11) -> 346 | Z11: =+Y11+AA11 -> 2468 | AA11: 2122 | AB11: =+Z10-Z11 -> 572 | AC11: =+IF(((Y12+(Y13/2))*60)=0,"",(I11*Y11)/((Y12+(Y13/2))*60)) -> 0.82874161 | AE11: =+AD11*60 -> 0 | AF11: =+Y11*I11 -> 19019.62
B12: =+B11 -> 2 | D12: =+B11 -> 2 | F12: =+VLOOKUP(F11,'Obj Prix'!$H:$H,2,FALSE) -> #N/A | I12: 2 | J12: EFF | K12: Effectifs | L12: 50 | M12: 50 | N12: 50 | O12: 50 | P12: 50 | Q12: 50 | R12: 50 | S12: 50 | W12: =+W11-J11 -> -3.8666667 | Y12: =+SUM(L12:V12)-S12/2 -> 375 | AD12: =-(R12+(R13/2))*$AD$2/60 -> -38.25 | AE12: =+AD12*60 -> -2295
B13: =+B11 -> 2 | C13: ABDELWAHID | D13: =+D12+100 -> 102 | F13: REDOUANE | I13: =+IF(J13="","",IF(J11=0,"",(J11*I11)/(J13*60))) -> 0.88092949 | J13: 52 | K13: Stagiaire | L13: 2 | M13: 2 | N13: 2 | O13: 2 | P13: 2 | Q13: 2 | R13: 2 | S13: 2 | X13: =15.24+(COUNTA(L11:V11)-(Y11/J11)) -> 16.32 | Y13: =+SUM(L13:V13)-S13/2 -> 15 | AB13: =+IFERROR(AB11/(J11*9),"") -> 1.2711111 | AD13: =+Y12+Y13/2 -> 382.5 | AE13: =+AD13*60 -> 22950 | AG13: =+AD12+AD13 -> 344.25
B14: =+B15 -> 3 | I14: VT | J14: P/H | K14: Entre Chaine | L14: 100 | M14: 50 | N14: 50 | P14: 50 | Q14: 50 | X14: =+W16 -> -0.93333333 | Y14: =+SUM(L14:V14) -> 300 | Z14: =+AA14+Y14 -> 2350 | AA14: 2050 | AE14: =+AD14*60 -> 0 | AH14: 102-22 | AI14: 108-22
B15: 3 | C15: 123-22 | E15: Stear | F15: 8263-529-251 | G15: 3550 | H15: Veste | I15: 70.68 | J15: 44 | K15: Sortie Chaine | L15: 50 | M15: 50 | N15: 50 | O15: 45 | P15: 50 | Q15: 38 | R15: 20 | S15: 20 | W15: =+IF(COUNTA(L15:V15)=8,Y15/(COUNTA(L15:V15)-0.5),IF(COUNTA(L15:V15)=0,0,Y15/COUNTA(L15:V15))) -> 43.066667 | Y15: =+SUM(L15:V15) -> 323 | Z15: =+Y15+AA15 -> 1698 | AA15: 1375 | AB15: =+Z14-Z15 -> 652 | AC15: =+IF(((Y16+(Y17/2))*60)=0,"",(I15*Y15)/((Y16+(Y17/2))*60)) -> 0.85264762 | AE15: =+AD15*60 -> 0 | AF15: =+Y15*I15 -> 22829.64 | AH15: 1980 | AI15: 9732
B16: =+B15 -> 3 | D16: =+B15 -> 3 | F16: =+VLOOKUP(F15,'Obj Prix'!$H:$H,2,FALSE) -> #N/A | G16: A.FINAL | I16: 2 | J16: EFF | K16: Effectifs | L16: 57 | M16: 57 | N16: 57 | O16: 57 | P16: 57 | Q16: 57 | R16: 57 | S16: 57 | W16: =+W15-J15 -> -0.93333333 | Y16: =+SUM(L16:V16)-S16/2 -> 427.5 | AD16: =-(R16+(R17/2))*$AD$2/60 -> -44.625 | AE16: =+AD16*60 -> -2677.5
B17: =+B15 -> 3 | C17: SAID | D17: =+D16+100 -> 103 | F17: AMINE | H17: 2Spc+2PàM+4FL+Cont | I17: =+IF(J17="","",IF(J15=0,"",(J15*I15)/(J17*60))) -> 0.87850847 | J17: 59 | K17: Stagiaire | L17: 5 | M17: 5 | N17: 5 | O17: 5 | P17: 5 | Q17: 5 | R17: 5 | S17: 5 | X17: 17 | Y17: =+SUM(L17:V17)-S17/2 -> 37.5 | AB17: =+IFERROR(AB15/(J15*9),"") -> 1.6464646 | AD17: =+Y16+Y17/2 -> 446.25 | AE17: =+AD17*60 -> 26775 | AG17: =+AD16+AD17 -> 401.625
B18: =+B19 -> 4 | I18: VT | J18: P/H | K18: Entre Chaine | L18: 100 | M18: 100 | N18: 100 | X18: =+W20 -> 1 | Y18: =+SUM(L18:V18) -> 300 | Z18: =+AA18+Y18 -> 4201 | AA18: 3901 | AE18: =+AD18*60 -> 0
B19: 4 | C19: 118-22 | E19: Stear | F19: 7560-580-800 | G19: 11466 | H19: Veste | I19: 61.52 | J19: 45 | K19: Sortie Chaine | L19: 45 | M19: 45 | N19: 50 | O19: 50 | P19: 50 | Q19: 50 | R19: 30 | S19: 25 | W19: =+IF(COUNTA(L19:V19)=8,Y19/(COUNTA(L19:V19)-0.5),IF(COUNTA(L19:V19)=0,0,Y19/COUNTA(L19:V19))) -> 46 | Y19: =+SUM(L19:V19) -> 345 | Z19: =+Y19+AA19 -> 3382 | AA19: 3037 | AB19: =+Z18-Z19 -> 819 | AC19: =+IF(((Y20+(Y21/2))*60)=0,"",(I19*Y19)/((Y20+(Y21/2))*60)) -> 0.82746199 | AE19: =+AD19*60 -> 0 | AF19: =+Y19*I19 -> 21224.4
B20: =+B19 -> 4 | D20: =+B19 -> 4 | F20: =+VLOOKUP(F19,'Obj Prix'!$H:$H,2,FALSE) -> #N/A | G20: A.FINAL | I20: 1 | J20: EFF | K20: Effectifs | L20: 56 | M20: 56 | N20: 56 | O20: 56 | P20: 56 | Q20: 56 | R20: 56 | S20: 56 | W20: =+W19-J19 -> 1 | Y20: =+SUM(L20:V20)-S20/2 -> 420 | AD20: =-(R20+(R21/2))*$AD$2/60 -> -42.75 | AE20: =+AD20*60 -> -2565
B21: =+B19 -> 4 | C21: HAMID | D21: =+D20+100 -> 104 | F21: AMINE | H21: 2Pàm+4FL+Cont | I21: =+IF(J21="","",IF(J19=0,"",(J19*I19)/(J21*60))) -> 0.85444444 | J21: 54 | K21: Stagiaire | L21: 2 | M21: 2 | N21: 2 | O21: 2 | P21: 2 | Q21: 2 | R21: 2 | S21: 2 | X21: 27.11 | Y21: =+SUM(L21:V21)-S21/2 -> 15 | AB21: =+IFERROR(AB19/(J19*9),"") -> 2.0222222 | AD21: =+Y20+Y21/2 -> 427.5 | AE21: =+AD21*60 -> 25650 | AG21: =+AD20+AD21 -> 384.75
B22: =+B23 -> 5 | I22: VT | J22: P/H | K22: Entre Chaine | L22: 100 | M22: 100 | N22: 100 | P22: 73 | X22: =+W24 -> -3.4666667 | Y22: =+SUM(L22:V22) -> 373 | Z22: =+AA22+Y22 -> 2171 | AA22: 1798 | AE22: =+AD22*60 -> 0
B23: 5 | C23: 131-22 | E23: Stear | F23: 8482-321-401 | G23: 5000 | H23: Veste | I23: 66.74 | J23: 50 | K23: Sortie Chaine | L23: 50 | M23: 50 | N23: 50 | O23: 50 | P23: 50 | Q23: 40 | R23: 35 | S23: 24 | W23: =+IF(COUNTA(L23:V23)=8,Y23/(COUNTA(L23:V23)-0.5),IF(COUNTA(L23:V23)=0,0,Y23/COUNTA(L23:V23))) -> 46.533333 | Y23: =+SUM(L23:V23) -> 349 | Z23: =+Y23+AA23 -> 1301 | AA23: 952 | AB23: =+Z22-Z23 -> 870 | AC23: =+IF(((Y24+(Y25/2))*60)=0,"",(I23*Y23)/((Y24+(Y25/2))*60)) -> 0.8626763 | AE23: =+AD23*60 -> 0 | AF23: =+Y23*I23 -> 23292.26
B24: =+B23 -> 5 | D24: =+B23 -> 5 | F24: =+VLOOKUP(F23,'Obj Prix'!$H:$H,2,FALSE) -> #N/A | G24: A.FINAL | I24: 2 | J24: EFF | K24: Effectifs | L24: 59 | M24: 59 | N24: 59 | O24: 59 | P24: 59 | Q24: 59 | R24: 59 | S24: 59 | W24: =+W23-J23 -> -3.4666667 | Y24: =+SUM(L24:V24)-S24/2 -> 442.5 | AD24: =-(R24+(R25/2))*$AD$2/60 -> -45 | AE24: =+AD24*60 -> -2700
B25: =+B23 -> 5 | C25: MOHAMMED | D25: =+D24+100 -> 105 | F25: REDOUANE | H25: 2Pàm+4FL+Cont | I25: =+IF(J25="","",IF(J23=0,"",(J23*I23)/(J25*60))) -> 0.94265537 | J25: 59 | K25: Stagiaire | L25: 2 | M25: 2 | N25: 2 | O25: 2 | P25: 2 | Q25: 2 | R25: 2 | S25: 2 | X25: =16.85+(COUNTA(L23:V23)-(Y23/J23)) -> 17.87 | Y25: =+SUM(L25:V25)-S25/2 -> 15 | AB25: =+IFERROR(AB23/(J23*9),"") -> 1.9333333 | AD25: =+Y24+Y25/2 -> 450 | AE25: =+AD25*60 -> 27000 | AG25: =+AD24+AD25 -> 405
B26: =+B27 -> 6 | I26: VT | J26: P/H | K26: Entre Chaine | L26: 40 | M26: 40 | N26: 40 | O26: 40 | P26: 40 | Q26: 40 | R26: 40 | S26: 40 | X26: =+W28 -> -19.6 | Y26: =+SUM(L26:V26) -> 320 | Z26: =+AA26+Y26 -> 2400 | AA26: 2080 | AE26: =+AD26*60 -> 0
B27: 6 | C27: 127-22 | E27: Stear | F27: 8456-298-800 | G27: 8731 | H27: manteau | I27: 60.17 | J27: 50 | K27: Sortie Chaine | L27: 20 | M27: 24 | N27: 20 | O27: 40 | P27: 40 | Q27: 24 | R27: 40 | S27: 20 | W27: =+IF(COUNTA(L27:V27)=8,Y27/(COUNTA(L27:V27)-0.5),IF(COUNTA(L27:V27)=0,0,Y27/COUNTA(L27:V27))) -> 30.4 | Y27: =+SUM(L27:V27) -> 228 | Z27: =+Y27+AA27 -> 1593 | AA27: 1365 | AB27: =+Z26-Z27 -> 807 | AC27: =+IF(((Y28+(Y29/2))*60)=0,"",(I27*Y27)/((Y28+(Y29/2))*60)) -> 0.60368581 | AE27: =+AD27*60 -> 0 | AF27: =+Y27*I27 -> 13718.76
B28: =+B27 -> 6 | D28: =+B27 -> 6 | F28: =+VLOOKUP(F27,'Obj Prix'!$H:$H,2,FALSE) -> #N/A | G28: A.FINAL | I28: 2 | J28: EFF | K28: Effectifs | L28: 48 | M28: 48 | N28: 48 | O28: 48 | P28: 48 | Q28: 48 | R28: 48 | S28: 48 | W28: =+W27-J27 -> -19.6 | Y28: =+SUM(L28:V28)-S28/2 -> 360 | AD28: =-(R28+(R29/2))*$AD$2/60 -> -37.875 | AE28: =+AD28*60 -> -2272.5
B29: =+B27 -> 6 | C29: KAMAL | D29: =+D28+100 -> 106 | F29: REDOUANE | H29: 4FL+Cont | I29: =+IF(J29="","",IF(J27=0,"",(J27*I27)/(J29*60))) -> 0.8953869 | J29: 56 | K29: Stagiaire | L29: 5 | M29: 5 | N29: 5 | O29: 5 | P29: 5 | Q29: 5 | R29: 5 | S29: 5 | X29: =36.96+(COUNTA(L27:V27)-(Y27/J27)) -> 40.4 | Y29: =+SUM(L29:V29)-S29/2 -> 37.5 | AB29: =+IFERROR(AB27/(J27*9),"") -> 1.7933333 | AD29: =+Y28+Y29/2 -> 378.75 | AE29: =+AD29*60 -> 22725 | AG29: =+AD28+AD29 -> 340.875
B30: =+B31 -> 7 | I30: VT | J30: P/H | K30: Entre Chaine | X30: =+W32 -> -4 | Y30: =+SUM(L30:V30) -> 0 | Z30: =+AA30+Y30 -> 2950 | AA30: 2950 | AE30: =+AD30*60 -> 0 | AH30: 102-22 | AI30: 108-22
B31: 7 | C31: 123-22 | E31: Stear | F31: 8263-529-251 | G31: 2950 | H31: Veste | I31: 70.68 | J31: 44 | K31: Sortie Chaine | L31: 35 | M31: 45 | N31: 50 | O31: 60 | P31: 40 | Q31: 20 | R31: 30 | S31: 20 | W31: =+IF(COUNTA(L31:V31)=8,Y31/(COUNTA(L31:V31)-0.5),IF(COUNTA(L31:V31)=0,0,Y31/COUNTA(L31:V31))) -> 40 | Y31: =+SUM(L31:V31) -> 300 | Z31: =+Y31+AA31 -> 2922 | AA31: 2622 | AB31: =+Z30-Z31 -> 28 | AC31: =+IF(((Y32+(Y33/2))*60)=0,"",(I31*Y31)/((Y32+(Y33/2))*60)) -> 0.80272572 | AE31: =+AD31*60 -> 0 | AF31: =+Y31*I31 -> 21204 | AH31: 3448 | AI31: 8448
B32: =+B31 -> 7 | D32: =+B31 -> 7 | F32: =+VLOOKUP(F31,'Obj Prix'!$H:$H,2,FALSE) -> #N/A | G32: A.FINAL | I32: 3 | J32: EFF | K32: Effectifs | L32: 52 | M32: 58 | N32: 58 | O32: 58 | P32: 58 | Q32: 58 | R32: 58 | S32: 58 | W32: =+W31-J31 -> -4 | Y32: =+SUM(L32:V32)-S32/2 -> 429 | AD32: =-(R32+(R33/2))*$AD$2/60 -> -44.625 | AE32: =+AD32*60 -> -2677.5
B33: =+B31 -> 7 | C33: YOUSSEF | D33: =+D32+100 -> 107 | F33: AMINE | H33: 2Spc+2PàM+4FL+Cont | I33: =+IF(J33="","",IF(J31=0,"",(J31*I31)/(J33*60))) -> 0.89365517 | J33: 58 | K33: Stagiaire | L33: 3 | M33: 3 | N33: 3 | O33: 3 | P33: 3 | Q33: 3 | R33: 3 | S33: 3 | X33: 18.92 | Y33: =+SUM(L33:V33)-S33/2 -> 22.5 | AB33: =+IFERROR(AB31/(J31*9),"") -> 0.070707071 | AD33: =+Y32+Y33/2 -> 440.25 | AE33: =+AD33*60 -> 26415 | AG33: =+AD32+AD33 -> 395.625
B34: =+B35 -> 7 | I34: VT | J34: P/H | K34: Entre Chaine | M34: 50 | O34: 50 | P34: 50 | R34: 50 | X34: =+W36 -> -44 | Y34: =+SUM(L34:V34) -> 200 | Z34: =+AA34+Y34 -> 300 | AA34: 100 | AE34: =+AD34*60 -> 0 | AH34: 102-22 | AI34: 108-22
B35: 7 | C35: 122-22 | E35: Stear | F35: 8263-646-500 | G35: 16000 | H35: Veste | I35: 70.68 | J35: 44 | K35: Sortie Chaine | W35: =+IF(COUNTA(L35:V35)=8,Y35/(COUNTA(L35:V35)-0.5),IF(COUNTA(L35:V35)=0,0,Y35/COUNTA(L35:V35))) -> 0 | Y35: =+SUM(L35:V35) -> 0 | Z35: =+Y35+AA35 -> 0 | AA35: 0 | AB35: =+Z34-Z35 -> 300 | AC35: =+IF(((Y36+(Y37/2))*60)=0,"",(I35*Y35)/((Y36+(Y37/2))*60)) | AE35: =+AD35*60 -> 0 | AF35: =+Y35*I35 -> 0 | AH35: 3448 | AI35: 8448
B36: =+B35 -> 7 | D36: =+B35 -> 7 | F36: =+VLOOKUP(F35,'Obj Prix'!$H:$H,2,FALSE) -> #N/A | J36: EFF | K36: Effectifs | W36: =+W35-J35 -> -44 | Y36: =+SUM(L36:V36)-S36/2 -> 0 | AD36: =-(R36+(R37/2))*$AD$2/60 -> 0 | AE36: =+AD36*60 -> 0
B37: =+B35 -> 7 | C37: YOUSSEF | D37: =+D36+100 -> 107 | F37: AMINE | I37: =+IF(J37="","",IF(J35=0,"",(J35*I35)/(J37*60))) -> 0.89365517 | J37: 58 | K37: Stagiaire | Y37: =+SUM(L37:V37)-S37/2 -> 0 | AB37: =+IFERROR(AB35/(J35*9),"") -> 0.75757576 | AD37: =+Y36+Y37/2 -> 0 | AE37: =+AD37*60 -> 0
B38: =+B39 -> 8 | I38: VT | J38: P/H | K38: Entre Chaine | L38: 40 | M38: 40 | N38: 40 | O38: 40 | P38: 40 | Q38: 40 | R38: 40 | S38: 40 | X38: =+W40 -> -50 | Y38: =+SUM(L38:V38) -> 320 | Z38: =+AA38+Y38 -> 760 | AA38: 440 | AE38: =+AD38*60 -> 0
B39: 8 | C39: 127-22 | E39: Stear | F39: 8456-298-800 | G39: 8731 | H39: manteau | I39: 60.17 | J39: 50 | K39: Sortie Chaine | L39: 0 | M39: 0 | N39: 0 | O39: 0 | P39: 0 | Q39: 0 | R39: 0 | S39: 0 | W39: =+IF(COUNTA(L39:V39)=8,Y39/(COUNTA(L39:V39)-0.5),IF(COUNTA(L39:V39)=0,0,Y39/COUNTA(L39:V39))) -> 0 | Y39: =+SUM(L39:V39) -> 0 | Z39: =+Y39+AA39 -> 0 | AA39: 0 | AB39: =+Z38-Z39 -> 760 | AC39: =+IF(((Y40+(Y41/2))*60)=0,"",(I39*Y39)/((Y40+(Y41/2))*60)) -> 0 | AE39: =+AD39*60 -> 0 | AF39: =+Y39*I39 -> 0
B40: =+B39 -> 8 | D40: =+B39 -> 8 | F40: =+VLOOKUP(F39,'Obj Prix'!$H:$H,2,FALSE) -> #N/A | J40: EFF | K40: Effectifs | L40: 36 | M40: 36 | N40: 36 | O40: 36 | P40: 36 | Q40: 36 | R40: 36 | S40: 36 | W40: =+W39-J39 -> -50 | Y40: =+SUM(L40:V40)-S40/2 -> 270 | AD40: =-(R40+(R41/2))*$AD$2/60 -> -27.75 | AE40: =+AD40*60 -> -1665
B41: =+B39 -> 8 | C41: OTMAN | D41: =+D40+100 -> 108 | F41: TOURABI | H41: 2PAM +4FL+2Cont | I41: =+IF(J41="","",IF(J39=0,"",(J39*I39)/(J41*60))) -> 0.8953869 | J41: 56 | K41: Stagiaire | L41: 2 | M41: 2 | N41: 2 | O41: 2 | P41: 2 | Q41: 2 | R41: 2 | S41: 2 | X41: =4.94+(COUNTA(L39:V39)-(Y39/J39)) -> 12.94 | Y41: =+SUM(L41:V41)-S41/2 -> 15 | AB41: =+IFERROR(AB39/(J39*9),"") -> 1.6888889 | AD41: =+Y40+Y41/2 -> 277.5 | AE41: =+AD41*60 -> 16650 | AG41: =+(AD40+AD41)/2 -> 124.875
B42: =+B43 -> 9 | I42: VT | J42: P/H | K42: Entre Chaine | L42: 50 | M42: 50 | N42: 50 | P42: 50 | Q42: 50 | R42: 50 | X42: =+W44 -> -1.3333333 | Y42: =+SUM(L42:V42) -> 300 | Z42: =+AA42+Y42 -> 2600 | AA42: 2300 | AE42: =+AD42*60 -> 0 | AH42: 102-22 | AI42: 108-22
B43: 9 | C43: 123-22 | E43: Stear | F43: 8263-529-251 | G43: 4000 | H43: Veste | I43: 70.68 | J43: 44 | K43: Sortie Chaine | L43: 25 | M43: 30 | N43: 45 | O43: 50 | P43: 50 | Q43: 45 | R43: 50 | S43: 25 | W43: =+IF(COUNTA(L43:V43)=8,Y43/(COUNTA(L43:V43)-0.5),IF(COUNTA(L43:V43)=0,0,Y43/COUNTA(L43:V43))) -> 42.666667 | Y43: =+SUM(L43:V43) -> 320 | Z43: =+Y43+AA43 -> 1725 | AA43: 1405 | AB43: =+Z42-Z43 -> 875 | AC43: =+IF(((Y44+(Y45/2))*60)=0,"",(I43*Y43)/((Y44+(Y45/2))*60)) -> 0.9222263 | AE43: =+AD43*60 -> 0 | AF43: =+Y43*I43 -> 22617.6 | AH43: 1197 | AI43: 8950
B44: =+B43 -> 9 | D44: =+B43 -> 9 | F44: =+VLOOKUP(F43,'Obj Prix'!$H:$H,2,FALSE) -> #N/A | G44: A.FINAL | I44: 2 | J44: EFF | K44: Effectifs | L44: 54 | M44: 54 | N44: 54 | O44: 54 | P44: 54 | Q44: 54 | R44: 54 | S44: 54 | W44: =+W43-J43 -> -1.3333333 | Y44: =+SUM(L44:V44)-S44/2 -> 405 | AD44: =-(R44+(R45/2))*$AD$2/60 -> -40.875 | AE44: =+AD44*60 -> -2452.5
B45: =+B43 -> 9 | C45: JAMAL | D45: =+D44+100 -> 109 | F45: AMINE | H45: 2Spc+2PàM+4FL+Cont | I45: =+IF(J45="","",IF(J43=0,"",(J43*I43)/(J45*60))) -> 0.87850847 | J45: 59 | K45: Stagiaire | L45: 1 | M45: 1 | N45: 1 | O45: 1 | P45: 1 | Q45: 1 | R45: 1 | S45: 1 | X45: 22.04 | Y45: =+SUM(L45:V45)-S45/2 -> 7.5 | AB45: =+IFERROR(AB43/(J43*9),"") -> 2.209596 | AD45: =+Y44+Y45/2 -> 408.75 | AE45: =+AD45*60 -> 24525 | AG45: =+AD44+AD45 -> 367.875
B46: =+B47 -> 11 | I46: VT | J46: P/H | K46: Entre Chaine | L46: 100 | M46: 100 | N46: 50 | X46: =+W48 -> -3.9333333 | Y46: =+SUM(L46:V46) -> 250 | Z46: =+AA46+Y46 -> 4965 | AA46: 4715 | AE46: =+AD46*60 -> 0
B47: 11 | C47: 118-22 | E47: Stear | F47: 7560-580-800 | G47: 11466 | H47: Veste | I47: 61.52 | J47: 45 | K47: Sortie Chaine | L47: 48 | M47: 30 | N47: 48 | O47: 40 | P47: 48 | Q47: 26 | R47: 43 | S47: 25 | W47: =+IF(COUNTA(L47:V47)=8,Y47/(COUNTA(L47:V47)-0.5),IF(COUNTA(L47:V47)=0,0,Y47/COUNTA(L47:V47))) -> 41.066667 | Y47: =+SUM(L47:V47) -> 308 | Z47: =+Y47+AA47 -> 4308 | AA47: 4000 | AB47: =+Z46-Z47 -> 657 | AC47: =+IF(((Y48+(Y49/2))*60)=0,"",(I47*Y47)/((Y48+(Y49/2))*60)) -> 0.8081962 | AE47: =+AD47*60 -> 0 | AF47: =+Y47*I47 -> 18948.16
B48: =+B47 -> 11 | F48: =+VLOOKUP(F47,'Obj Prix'!$H:$H,2,FALSE) -> #N/A | G48: A.FINAL | I48: 2 | J48: EFF | K48: Effectifs | L48: 49 | M48: 50 | N48: 51 | O48: 51 | P48: 51 | Q48: 51 | R48: 51 | S48: 51 | W48: =+W47-J47 -> -3.9333333 | Y48: =+SUM(L48:V48)-S48/2 -> 379.5 | AD48: =-(R48+(R49/2))*$AD$2/60 -> -39.375 | AE48: =+AD48*60 -> -2362.5
B49: =+B47 -> 11 | C49: ABDRAZZAK | D49: =+D48+100 -> 100 | F49: AMINE | H49: 2Pàm+4FL+Cont | I49: =+IF(J49="","",IF(J47=0,"",(J47*I47)/(J49*60))) -> 0.85444444 | J49: 54 | K49: Stagiaire | L49: 3 | M49: 3 | N49: 3 | O49: 3 | P49: 3 | Q49: 3 | R49: 3 | S49: 3 | X49: 24.27 | Y49: =+SUM(L49:V49)-S49/2 -> 22.5 | AB49: =+IFERROR(AB47/(J47*9),"") -> 1.6222222 | AD49: =+Y48+Y49/2 -> 390.75 | AE49: =+AD49*60 -> 23445 | AG49: =+AD48+AD49 -> 351.375
B50: =+B51 -> 12 | I50: VT | J50: P/H | K50: Entre Chaine | L50: 60 | M50: 60 | N50: 60 | O50: 60 | Q50: 60 | X50: =+W52 -> -7.4666667 | Y50: =+SUM(L50:V50) -> 300 | Z50: =+AA50+Y50 -> 2999 | AA50: 2699 | AE50: =+AD50*60 -> 0 | AH50: 116-22
B51: 12 | C51: 120-22 | E51: Stear | F51: 8138-760-800 | G51: 4800 | H51: Veste | I51: 69.26 | J51: 50 | K51: Sortie Chaine | L51: 42 | M51: 44 | N51: 50 | O51: 46 | P51: 37 | Q51: 32 | R51: 57 | S51: 11 | W51: =+IF(COUNTA(L51:V51)=8,Y51/(COUNTA(L51:V51)-0.5),IF(COUNTA(L51:V51)=0,0,Y51/COUNTA(L51:V51))) -> 42.533333 | Y51: =+SUM(L51:V51) -> 319 | Z51: =+Y51+AA51 -> 2363 | AA51: 2044 | AB51: =+Z50-Z51 -> 636 | AC51: =+IF(((Y52+(Y53/2))*60)=0,"",(I51*Y51)/((Y52+(Y53/2))*60)) -> 0.81512415 | AE51: =+AD51*60 -> 0 | AF51: =+Y51*I51 -> 22093.94 | AH51: 2964
B52: =+B51 -> 12 | F52: =+VLOOKUP(F51,'Obj Prix'!$H:$H,2,FALSE) -> #N/A | G52: A.FINAL | J52: EFF | K52: Effectifs | L52: 59 | M52: 59 | N52: 60 | O52: 60 | P52: 60 | Q52: 60 | R52: 60 | S52: 60 | W52: =+W51-J51 -> -7.4666667 | Y52: =+SUM(L52:V52)-S52/2 -> 448 | AD52: =-(R52+(R53/2))*$AD$2/60 -> -45.375 | AE52: =+AD52*60 -> -2722.5
B53: =+B51 -> 12 | C53: ALI | D53: =+D52+100 -> 100 | F53: TOURABI | H53: 2Spc+2PàM+4FL+Cont | I53: =+IF(J53="","",IF(J51=0,"",(J51*I51)/(J53*60))) -> 0.96194444 | J53: 60 | K53: Stagiaire | L53: 1 | M53: 1 | N53: 1 | O53: 1 | P53: 1 | Q53: 1 | R53: 1 | S53: 1 | X53: 13.54 | Y53: =+SUM(L53:V53)-S53/2 -> 7.5 | AB53: =+IFERROR(AB51/(J51*9),"") -> 1.4133333 | AD53: =+Y52+Y53/2 -> 451.75 | AE53: =+AD53*60 -> 27105 | AG53: =+AD52+AD53 -> 406.375
B54: =+B55 -> 13 | I54: VT | J54: P/H | K54: Entre Chaine | L54: 50 | M54: 50 | N54: 50 | X54: =+W56 -> -1.0666667 | Y54: =+SUM(L54:V54) -> 150 | Z54: =+AA54+Y54 -> 3300 | AA54: 3150 | AE54: =+AD54*60 -> 0 | AH54: 102-22 | AI54: 108-22
B55: 13 | C55: 123-22 | E55: Stear | F55: 8263-529-251 | G55: 3300 | H55: Veste | I55: 70.68 | J55: 44 | K55: Sortie Chaine | L55: 31 | M55: 52 | N55: 54 | O55: 48 | P55: 46 | Q55: 30 | R55: 43 | S55: 18 | W55: =+IF(COUNTA(L55:V55)=8,Y55/(COUNTA(L55:V55)-0.5),IF(COUNTA(L55:V55)=0,0,Y55/COUNTA(L55:V55))) -> 42.933333 | Y55: =+SUM(L55:V55) -> 322 | Z55: =+Y55+AA55 -> 2676 | AA55: 2354 | AB55: =+Z54-Z55 -> 624 | AC55: =+IF(((Y56+(Y57/2))*60)=0,"",(I55*Y55)/((Y56+(Y57/2))*60)) -> 0.8396591 | AE55: =+AD55*60 -> 0 | AF55: =+Y55*I55 -> 22758.96 | AH55: 4825 | AI55: 9399
B56: =+B55 -> 13 | F56: =+VLOOKUP(F55,'Obj Prix'!$H:$H,2,FALSE) -> #N/A | G56: A.FINAL | I56: 4 | J56: EFF | K56: Effectifs | L56: 57 | M56: 57 | N56: 58 | O56: 58 | P56: 58 | Q56: 58 | R56: 58 | S56: 58 | W56: =+W55-J55 -> -1.0666667 | Y56: =+SUM(L56:V56)-S56/2 -> 433 | AD56: =-(R56+(R57/2))*$AD$2/60 -> -45.375 | AE56: =+AD56*60 -> -2722.5
B57: =+B55 -> 13 | C57: DENNI | D57: =+D56+100 -> 100 | F57: AMINE | H57: 2Spc+2PàM+4FL+Cont | I57: =+IF(J57="","",IF(J55=0,"",(J55*I55)/(J57*60))) -> 0.87850847 | J57: 59 | K57: Stagiaire | L57: 5 | M57: 5 | N57: 5 | O57: 5 | P57: 5 | Q57: 5 | R57: 5 | S57: 5 | X57: 26.69 | Y57: =+SUM(L57:V57)-S57/2 -> 37.5 | AB57: =+IFERROR(AB55/(J55*9),"") -> 1.5757576 | AD57: =+Y56+Y57/2 -> 451.75 | AE57: =+AD57*60 -> 27105 | AG57: =+AD56+AD57 -> 406.375
B58: =+B59 -> 13 | I58: VT | J58: P/H | K58: Entre Chaine | N58: 50 | O58: 50 | Q58: 50 | X58: =+W60 -> 0 | Y58: =+SUM(L58:V58) -> 150 | Z58: =+AA58+Y58 -> 150 | AE58: =+AD58*60 -> 0 | AH58: 102-22 | AI58: 108-22
B59: 13 | C59: 122-22 | E59: Stear | F59: 8263-646-500 | G59: 16000 | H59: Veste | I59: 70.68 | J59: 44 | K59: Sortie Chaine | W59: =+IF(COUNTA(L59:V59)=8,Y59/(COUNTA(L59:V59)-0.5),IF(COUNTA(L59:V59)=0,0,Y59/COUNTA(L59:V59))) -> 0 | Y59: =+SUM(L59:V59) -> 0 | Z59: =+Y59+AA59 -> 0 | AB59: =+Z58-Z59 -> 150 | AC59: =+IF(((Y60+(Y61/2))*60)=0,"",(I59*Y59)/((Y60+(Y61/2))*60)) | AE59: =+AD59*60 -> 0 | AF59: =+Y59*I59 -> 0 | AH59: 4825 | AI59: 9399
B60: =+B59 -> 13 | F60: =+VLOOKUP(F59,'Obj Prix'!$H:$H,2,FALSE) -> #N/A | J60: EFF | K60: Effectifs | Y60: =+SUM(L60:V60)-S60/2 -> 0 | AD60: =-(R60+(R61/2))*$AD$2/60 -> 0 | AE60: =+AD60*60 -> 0
B61: =+B59 -> 13 | C61: DENNI | D61: =+D60+100 -> 100 | F61: AMINE | I61: =+IF(J61="","",IF(J59=0,"",(J59*I59)/(J61*60))) -> 0.87850847 | J61: 59 | K61: Stagiaire | Y61: =+SUM(L61:V61)-S61/2 -> 0 | AB61: =+IFERROR(AB59/(J59*9),"") -> 0.37878788 | AD61: =+Y60+Y61/2 -> 0 | AE61: =+AD61*60 -> 0
B62: =+B63 -> 14 | I62: VT | J62: P/H | K62: Entre Chaine | L62: 50 | M62: 50 | N62: 50 | O62: 50 | X62: =+W64 -> -2.3333333 | Y62: =+SUM(L62:V62) -> 200 | Z62: =+AA62+Y62 -> 7893 | AA62: 7693 | AE62: =+AD62*60 -> 0
B63: 14 | C63: 106-22 | E63: ZARA-MAT | F63: 340-350-401 | G63: 9000 | I63: 75.47 | J63: 37 | K63: Sortie Chaine | L63: 37 | M63: 37 | N63: 37 | O63: 37 | P63: 37 | Q63: 37 | R63: 19 | S63: 19 | W63: =+IF(COUNTA(L63:V63)=8,Y63/(COUNTA(L63:V63)-0.5),IF(COUNTA(L63:V63)=0,0,Y63/COUNTA(L63:V63))) -> 34.666667 | Y63: =+SUM(L63:V63) -> 260 | Z63: =+Y63+AA63 -> 7318 | AA63: 7058 | AB63: =+Z62-Z63 -> 575 | AC63: =+IF(((Y64+(Y65/2))*60)=0,"",(I63*Y63)/((Y64+(Y65/2))*60)) -> 0.78567367 | AE63: =+AD63*60 -> 0 | AF63: =+Y63*I63 -> 19622.2
B64: =+B63 -> 14 | D64: =+B63 -> 14 | F64: =+VLOOKUP(F63,'Obj Prix'!$H:$H,2,FALSE) -> #N/A | I64: 2 | J64: EFF | K64: Effectifs | L64: 55 | M64: 55 | N64: 55 | O64: 55 | P64: 55 | Q64: 55 | R64: 55 | S64: 55 | W64: =+W63-J63 -> -2.3333333 | Y64: =+SUM(L64:V64)-S64/2 -> 412.5 | AD64: =-(R64+(R65/2))*$AD$2/60 -> -41.625 | AE64: =+AD64*60 -> -2497.5
B65: =+B63 -> 14 | C65: HASSAN | D65: =+D64+100 -> 114 | F65: AMINE | H65: 1 Spc + 1 PàM | I65: =+IF(J65="","",IF(J63=0,"",(J63*I63)/(J65*60))) -> 0.83106845 | J65: 56 | K65: Stagiaire | L65: 1 | M65: 1 | N65: 1 | O65: 1 | P65: 1 | Q65: 1 | R65: 1 | S65: 1 | X65: 31.52 | Y65: =+SUM(L65:V65)-S65/2 -> 7.5 | AB65: =+IFERROR(AB63/(J63*9),"") -> 1.7267267 | AD65: =+Y64+Y65/2 -> 416.25 | AE65: =+AD65*60 -> 24975 | AG65: =+AD64+AD65 -> 374.625
B66: =+B67 -> 15 | I66: VT | J66: P/H | K66: Entre Chaine | L66: 100 | M66: 50 | N66: 50 | O66: 50 | Q66: 50 | X66: =+W68 -> -7.7333333 | Y66: =+SUM(L66:V66) -> 300 | Z66: =+AA66+Y66 -> 3773 | AA66: 3473 | AE66: =+AD66*60 -> 0
B67: 15 | C67: 121-22 | E67: Stear | F67: 8412-624-712 | G67: 7500 | H67: Veste | I67: 61.46 | J67: 48 | K67: Sortie Chaine | L67: 46 | M67: 47 | N67: 43 | O67: 49 | P67: 43 | Q67: 31 | R67: 28 | S67: 15 | W67: =+IF(COUNTA(L67:V67)=8,Y67/(COUNTA(L67:V67)-0.5),IF(COUNTA(L67:V67)=0,0,Y67/COUNTA(L67:V67))) -> 40.266667 | Y67: =+SUM(L67:V67) -> 302 | Z67: =+Y67+AA67 -> 2852 | AA67: 2550 | AB67: =+Z66-Z67 -> 921 | AC67: =+IF(((Y68+(Y69/2))*60)=0,"",(I67*Y67)/((Y68+(Y69/2))*60)) -> 0.73654444 | AE67: =+AD67*60 -> 0 | AF67: =+Y67*I67 -> 18560.92
B68: =+B67 -> 15 | D68: =+B67 -> 15 | F68: =+VLOOKUP(F67,'Obj Prix'!$H:$H,2,FALSE) -> #N/A | G68: A.FINAL | I68: 3 | J68: EFF | K68: Effectifs | L68: 55 | M68: 55 | N68: 55 | O68: 55 | P68: 55 | Q68: 55 | R68: 55 | S68: 55 | W68: =+W67-J67 -> -7.7333333 | Y68: =+SUM(L68:V68)-S68/2 -> 412.5 | AD68: =-(R68+(R69/2))*$AD$2/60 -> -42 | AE68: =+AD68*60 -> -2520
B69: =+B67 -> 15 | C69: FARID | D69: =+D68+100 -> 115 | F69: AMINE | H69: 2 sp+4FL+Cont | I69: =+IF(J69="","",IF(J67=0,"",(J67*I67)/(J69*60))) -> 0.86259649 | J69: 57 | K69: Stagiaire | L69: 2 | M69: 2 | N69: 2 | O69: 2 | P69: 2 | Q69: 2 | R69: 2 | S69: 2 | X69: 23.28 | Y69: =+SUM(L69:V69)-S69/2 -> 15 | AB69: =+IFERROR(AB67/(J67*9),"") -> 2.1319444 | AD69: =+Y68+Y69/2 -> 420 | AE69: =+AD69*60 -> 25200 | AG69: =+AD68+AD69 -> 378
B70: =+B71 -> 17 | I70: VT | J70: P/H | K70: Entre Chaine | L70: 80 | M70: 40 | N70: 80 | O70: 40 | P70: 40 | R70: 40 | S70: 40 | X70: =+W72 -> -8.6666667 | Y70: =+SUM(L70:V70) -> 360 | Z70: =+AA70+Y70 -> 3280 | AA70: 2920 | AE70: =+AD70*60 -> 0
B71: 17 | C71: 127-22 | E71: Stear | F71: 8456-298-800 | G71: 8731 | H71: manteau | I71: 60.17 | J71: 50 | K71: Sortie Chaine | L71: 50 | M71: 40 | N71: 60 | O71: 50 | P71: 50 | Q71: 30 | R71: 30 | S71: 0 | W71: =+IF(COUNTA(L71:V71)=8,Y71/(COUNTA(L71:V71)-0.5),IF(COUNTA(L71:V71)=0,0,Y71/COUNTA(L71:V71))) -> 41.333333 | Y71: =+SUM(L71:V71) -> 310 | Z71: =+Y71+AA71 -> 2749 | AA71: 2439 | AB71: =+Z70-Z71 -> 531 | AC71: =+IF(((Y72+(Y73/2))*60)=0,"",(I71*Y71)/((Y72+(Y73/2))*60)) -> 0.7388671 | AE71: =+AD71*60 -> 0 | AF71: =+Y71*I71 -> 18652.7
B72: =+B71 -> 17 | F72: =+VLOOKUP(F71,'Obj Prix'!$H:$H,2,FALSE) -> #N/A | G72: A.FINAL | I72: 2 | J72: EFF | K72: Effectifs | L72: 53 | M72: 56 | N72: 56 | O72: 56 | P72: 56 | Q72: 56 | R72: 56 | S72: 56 | W72: =+W71-J71 -> -8.6666667 | Y72: =+SUM(L72:V72)-S72/2 -> 417 | AD72: =-(R72+(R73/2))*$AD$2/60 -> -42.375 | AE72: =+AD72*60 -> -2542.5
B73: =+B71 -> 17 | C73: AHMAD | D73: =+D72+100 -> 100 | F73: REDOUANE | H73: 4FL+Cont | I73: =+IF(J73="","",IF(J71=0,"",(J71*I71)/(J73*60))) -> 0.8953869 | J73: 56 | K73: Stagiaire | L73: 1 | M73: 1 | N73: 1 | O73: 1 | P73: 1 | Q73: 1 | R73: 1 | S73: 1 | X73: 14.54 | Y73: =+SUM(L73:V73)-S73/2 -> 7.5 | AB73: =+IFERROR(AB71/(J71*9),"") -> 1.18 | AD73: =+Y72+Y73/2 -> 420.75 | AE73: =+AD73*60 -> 25245 | AG73: =+AD72+AD73 -> 378.375
B74: =+B75 -> 18 | I74: VT | J74: P/H | K74: Entre Chaine | L74: 50 | M74: 50 | N74: 50 | O74: 50 | P74: 50 | R74: 50 | X74: =+W76 -> -8.4 | Y74: =+SUM(L74:V74) -> 300 | Z74: =+AA74+Y74 -> 1000 | AA74: 700 | AE74: =+AD74*60 -> 0 | AH74: 116-22
B75: 18 | C75: 121-22 | E75: Stear | F75: 8412-624-712 | G75: 6712 | H75: Veste | I75: 61.46 | J75: 48 | K75: Sortie Chaine | L75: 20 | M75: 46 | N75: 46 | O75: 46 | P75: 46 | Q75: 33 | R75: 40 | S75: 20 | W75: =+IF(COUNTA(L75:V75)=8,Y75/(COUNTA(L75:V75)-0.5),IF(COUNTA(L75:V75)=0,0,Y75/COUNTA(L75:V75))) -> 39.6 | Y75: =+SUM(L75:V75) -> 297 | Z75: =+Y75+AA75 -> 297 | AA75: 0 | AB75: =+Z74-Z75 -> 703 | AC75: =+IF(((Y76+(Y77/2))*60)=0,"",(I75*Y75)/((Y76+(Y77/2))*60)) -> 0.7213444 | AE75: =+AD75*60 -> 0 | AF75: =+Y75*I75 -> 18253.62 | AH75: 2280
B76: =+B75 -> 18 | F76: =+VLOOKUP(F75,'Obj Prix'!$H:$H,2,FALSE) -> #N/A | G76: A.FINAL | I76: 3 | J76: EFF | K76: Effectifs | L76: 54 | M76: 54 | N76: 55 | O76: 55 | P76: 55 | Q76: 55 | R76: 55 | S76: 55 | W76: =+W75-J75 -> -8.4 | Y76: =+SUM(L76:V76)-S76/2 -> 410.5 | AD76: =-(R76+(R77/2))*$AD$2/60 -> -42.375 | AE76: =+AD76*60 -> -2542.5
B77: =+B75 -> 18 | C77: ABDNOR | D77: =+D76+100 -> 100 | F77: TOURABI | H77: 2sp+4FL+2Cont | I77: =+IF(J77="","",IF(J75=0,"",(J75*I75)/(J77*60))) -> 0.86259649 | J77: 57 | K77: Stagiaire | L77: 3 | M77: 3 | N77: 3 | O77: 3 | P77: 3 | Q77: 3 | R77: 3 | S77: 3 | X77: =6.68+(COUNTA(L75:V75)-(Y75/J75)) -> 8.4925 | Y77: =+SUM(L77:V77)-S77/2 -> 22.5 | AB77: =+IFERROR(AB75/(J75*9),"") -> 1.6273148 | AD77: =+Y76+Y77/2 -> 421.75 | AE77: =+AD77*60 -> 25305 | AG77: =+AD76+AD77 -> 379.375
B78: =+B79 -> 19 | I78: VT | J78: P/H | K78: Entre Chaine | L78: 100 | M78: 50 | N78: 100 | X78: =+W80 -> 0.066666667 | Y78: =+SUM(L78:V78) -> 250 | Z78: =+AA78+Y78 -> 4510 | AA78: 4260 | AE78: =+AD78*60 -> 0
B79: 19 | C79: 118-22 | E79: Stear | F79: 7560-580-800 | G79: 11466 | H79: Veste | I79: 61.52 | J79: 45 | K79: Sortie Chaine | L79: 47 | M79: 47 | N79: 47 | O79: 47 | P79: 37 | Q79: 22 | R79: 57 | S79: 34 | W79: =+IF(COUNTA(L79:V79)=8,Y79/(COUNTA(L79:V79)-0.5),IF(COUNTA(L79:V79)=0,0,Y79/COUNTA(L79:V79))) -> 45.066667 | Y79: =+SUM(L79:V79) -> 338 | Z79: =+Y79+AA79 -> 3543 | AA79: 3205 | AB79: =+Z78-Z79 -> 967 | AC79: =+IF(((Y80+(Y81/2))*60)=0,"",(I79*Y79)/((Y80+(Y81/2))*60)) -> 0.82172535 | AE79: =+AD79*60 -> 0 | AF79: =+Y79*I79 -> 20793.76
B80: =+B79 -> 19 | D80: =+B79 -> 19 | F80: =+VLOOKUP(F79,'Obj Prix'!$H:$H,2,FALSE) -> #N/A | G80: A.FINAL | I80: 3 | J80: EFF | K80: Effectifs | L80: 53 | M80: 55 | N80: 55 | O80: 55 | P80: 55 | Q80: 55 | R80: 55 | S80: 55 | W80: =+W79-J79 -> 0.066666667 | Y80: =+SUM(L80:V80)-S80/2 -> 410.5 | AD80: =-(R80+(R81/2))*$AD$2/60 -> -42.375 | AE80: =+AD80*60 -> -2542.5
B81: =+B79 -> 19 | C81: AHMAD | D81: =+D80+100 -> 119 | F81: AMINE | H81: 2Pàm+4FL+Cont | I81: =+IF(J81="","",IF(J79=0,"",(J79*I79)/(J81*60))) -> 0.85444444 | J81: 54 | K81: Stagiaire | L81: 3 | M81: 3 | N81: 3 | O81: 3 | P81: 3 | Q81: 3 | R81: 3 | S81: 3 | X81: 33.63 | Y81: =+SUM(L81:V81)-S81/2 -> 22.5 | AB81: =+IFERROR(AB79/(J79*9),"") -> 2.3876543 | AD81: =+Y80+Y81/2 -> 421.75 | AE81: =+AD81*60 -> 25305 | AG81: =+AD80+AD81 -> 379.375
C83: TOTAL CHAINES | F83: AVEC FINAL | G83: =+COUNTIF(G6:G81,"A.FINAL") -> 13 | K83: Sortie Chaine | L83: =+SUMIF($K$6:$K$82,$K$83,L6:L82) -> 623 | M83: =+SUMIF($K$6:$K$82,$K$83,M6:M82) -> 674 | N83: =+SUMIF($K$6:$K$82,$K$83,N6:N82) -> 737 | O83: =+SUMIF($K$6:$K$82,$K$83,O6:O82) -> 740 | P83: =+SUMIF($K$6:$K$82,$K$83,P6:P82) -> 711 | Q83: =+SUMIF($K$6:$K$82,$K$83,Q6:Q82) -> 545 | R83: =+SUMIF($K$6:$K$82,$K$83,R6:R82) -> 577 | S83: =+SUMIF($K$6:$K$82,$K$83,S6:S82) -> 320 | ... V83: =+SUMIF($K$6:$K$82,$K$83,V6:V82) -> 0 | X83: =+SUM(L83:V83) -> 4927 | AE83: =+AD83*60 -> 0
F84: SANS FINAL | G84: =+SUMPRODUCT(1/COUNTIF(B6:B81,B6:B81))-G83 -> 4
K85: Effectifs | L85: =+SUMIF($K$6:$K$82,$K$85,L6:L82) -> 905 | M85: =+SUMIF($K$6:$K$82,$K$85,M6:M82) -> 917 | N85: =+SUMIF($K$6:$K$82,$K$85,N6:N82) -> 921 | O85: =+SUMIF($K$6:$K$82,$K$85,O6:O82) -> 921 | P85: =+SUMIF($K$6:$K$82,$K$85,P6:P82) -> 921 | Q85: =+SUMIF($K$6:$K$82,$K$85,Q6:Q82) -> 921 | R85: =+SUMIF($K$6:$K$82,$K$85,R6:R82) -> 921 | S85: =+SUMIF($K$6:$K$82,$K$85,S6:S82) -> 921 | ... V85: =+SUMIF($K$6:$K$82,$K$85,V6:V82) -> 0
K87: Stagiaire | L87: =+SUMIF($K$6:$K$82,$K$87,L6:L82) -> 42 | M87: =+SUMIF($K$6:$K$82,$K$87,M6:M82) -> 42 | N87: =+SUMIF($K$6:$K$82,$K$87,N6:N82) -> 42 | O87: =+SUMIF($K$6:$K$82,$K$87,O6:O82) -> 42 | P87: =+SUMIF($K$6:$K$82,$K$87,P6:P82) -> 42 | Q87: =+SUMIF($K$6:$K$82,$K$87,Q6:Q82) -> 42 | R87: =+SUMIF($K$6:$K$82,$K$87,R6:R82) -> 42 | S87: =+SUMIF($K$6:$K$82,$K$87,S6:S82) -> 42 | ... V87: =+SUMIF($K$6:$K$82,$K$87,V6:V82) -> 0
L88: =+IF(L85=0,"",L87/L85) -> 0.04640884 | M88: =+IF(M85=0,"",M87/M85) -> 0.045801527 | N88: =+IF(N85=0,"",N87/N85) -> 0.045602606 | O88: =+IF(O85=0,"",O87/O85) -> 0.045602606 | P88: =+IF(P85=0,"",P87/P85) -> 0.045602606 | Q88: =+IF(Q85=0,"",Q87/Q85) -> 0.045602606 | R88: =+IF(R85=0,"",R87/R85) -> 0.045602606 | S88: =+IF(S85=0,"",S87/S85) -> 0.045602606 | ... V88: =+IF(V85=0,"",V87/V85)
J90: Effectifs | K90: Stagiaires Formation | L90: =+IF(L85=0,"",SUMIF($K$6:$K$82,$J$90,$I$6:$I$82)) -> 35 | M90: =+IF(M85=0,"",SUMIF($K$6:$K$82,$J$90,$I$6:$I$82)) -> 35 | N90: =+IF(N85=0,"",SUMIF($K$6:$K$82,$J$90,$I$6:$I$82)) -> 35 | O90: =+IF(O85=0,"",SUMIF($K$6:$K$82,$J$90,$I$6:$I$82)) -> 35 | P90: =+IF(P85=0,"",SUMIF($K$6:$K$82,$J$90,$I$6:$I$82)) -> 35 | Q90: =+IF(Q85=0,"",SUMIF($K$6:$K$82,$J$90,$I$6:$I$82)) -> 35 | R90: =+IF(R85=0,"",SUMIF($K$6:$K$82,$J$90,$I$6:$I$82)) -> 35 | S90: =+IF(S85=0,"",SUMIF($K$6:$K$82,$J$90,$I$6:$I$82)) -> 35 | ... V90: =+IF(V85=0,"",SUMIF($K$6:$K$82,$J$90,$I$6:$I$82))
L91: =+IF(L85=0,"",L90/L85) -> 0.038674033 | M91: =+IF(M85=0,"",M90/M85) -> 0.038167939 | N91: =+IF(N85=0,"",N90/N85) -> 0.038002172 | O91: =+IF(O85=0,"",O90/O85) -> 0.038002172 | P91: =+IF(P85=0,"",P90/P85) -> 0.038002172 | Q91: =+IF(Q85=0,"",Q90/Q85) -> 0.038002172 | R91: =+IF(R85=0,"",R90/R85) -> 0.038002172 | S91: =+IF(S85=0,"",S90/S85) -> 0.038002172 | ... V91: =+IF(V85=0,"",V90/V85)
K93: Ouvriers Formation | L93: =+IF(L85=0,"",SUMIF($K$6:$K$82,$J$90,$H$6:$H$85)) -> 0 | M93: =+IF(M85=0,"",SUMIF($K$6:$K$82,$J$90,$H$6:$H$85)) -> 0 | N93: =+IF(N85=0,"",SUMIF($K$6:$K$82,$J$90,$H$6:$H$85)) -> 0 | O93: =+IF(O85=0,"",SUMIF($K$6:$K$82,$J$90,$H$6:$H$85)) -> 0 | P93: =+IF(P85=0,"",SUMIF($K$6:$K$82,$J$90,$H$6:$H$85)) -> 0 | Q93: =+IF(Q85=0,"",SUMIF($K$6:$K$82,$J$90,$H$6:$H$85)) -> 0 | R93: =+IF(R85=0,"",SUMIF($K$6:$K$82,$J$90,$H$6:$H$85)) -> 0 | S93: =+IF(S85=0,"",SUMIF($K$6:$K$82,$J$90,$H$6:$H$85)) -> 0 | ... V93: =+IF(V85=0,"",SUMIF($K$6:$K$82,$J$90,$H$6:$H$85))
L94: =+IF(L85=0,"",L93/L85) -> 0 | M94: =+IF(M85=0,"",M93/M85) -> 0 | N94: =+IF(N85=0,"",N93/N85) -> 0 | O94: =+IF(O85=0,"",O93/O85) -> 0 | P94: =+IF(P85=0,"",P93/P85) -> 0 | Q94: =+IF(Q85=0,"",Q93/Q85) -> 0 | R94: =+IF(R85=0,"",R93/R85) -> 0 | S94: =+IF(S85=0,"",S93/S85) -> 0 | ... V94: =+IF(V85=0,"",V93/V85)

Sheet 23-08-2022 (2)
B1: LA FICHE DE PRODUCTION DES CHAÎNES E06.03C | AB1: EXL 009-20
A2: 77 | AB2: =+AF2/AE2 -> 0.80229623 | AD2: 15 | AE2: =+SUBTOTAL(9,AE6:AE107) -> 504570 | AF2: =+SUBTOTAL(9,AF6:AF107) -> 404814.61
J3: HEURES SAISIE | L3: 6:45 | M3: 8:05 | N3: 9:05 | O3: 10:05 | P3: 11:20 | Q3: 12:20 | R3: 13:20 | S3: 14:20 | T3: 15:30
B4: CODERSA S.A.R.L. | J4: Fin Heure | L4: 6:45 | M4: 7:45 | N4: 8:45 | O4: 9:45 | P4: 11:00 | Q4: 12:00 | R4: 13:00 | S4: 14:00 | T4: 15:00 | Y4: =+X91 -> 6441 | Z4: DATE : | AB4: 44796 | AD4: =+SUM(AD6:AD95) -> 8409.5
B5: CH | C5: IMPORT | E5: CLIENT | F5: MODELE | G5: QTE PREVU | H5: DESIG | I5: METHODES | L5: 1 | M5: 2 | N5: 3 | O5: 4 | P5: 5 | Q5: 6 | R5: 7 | S5: 8 | T5: 9 | U5: 10 | V5: 11 | W5: Moy | X5: H.Lancement | Y5: Total | Z5: Cumul | AB5: Encours
B6: =+B7 -> 1 | I6: VT | J6: P/H | K6: Entre Chaine | L6: 50 | M6: 50 | N6: 50 | O6: 50 | P6: 50 | Q6: 50 | X6: =+W8 -> -26.888889 | Y6: =+SUM(L6:V6) -> 300 | Z6: =+AA6+Y6 -> 878 | AA6: 578
B7: 1 | C7: 129-22 | E7: Stear | F7: 8705-636-704 | G7: 10000 | H7: Veste | I7: 68.45 | J7: 50 | K7: Sortie Chaine | L7: 0 | M7: 18 | N7: 23 | O7: 22 | P7: 25 | Q7: 30 | R7: 30 | S7: 30 | T7: 30 | W7: =+IF(COUNTA(L7:V7)=0,0,Y7/(COUNTA(L7:V7))) -> 23.111111 | Y7: =+SUM(L7:V7) -> 208 | Z7: =+Y7+AA7 -> 208 | AA7: 0 | AB7: =+Z6-Z7 -> 670 | AC7: =+IF(((Y8+(Y9/2))*60)=0,"",(I7*Y7)/((Y8+(Y9/2))*60)) -> 0.43861984 | AF7: =+Y7*I7 -> 14237.6
B8: =B7 -> 1 | D8: =+B7 -> 1 | F8: =+VLOOKUP(F7,'Obj Prix'!$H:$H,2,FALSE) -> #N/A | J8: EFF | K8: Effectifs | L8: 54 | M8: 58 | N8: 60 | O8: 60 | P8: 60 | Q8: 60 | R8: 60 | S8: 60 | T8: 60 | W8: =+W7-J7 -> -26.888889 | Y8: =+SUM(L8:V8) -> 532 | AD8: =-(L8+(L9/2))*$AD$2/60 -> -13.75 | AE8: =+AD8*60 -> -825
B9: =B7 -> 1 | C9: HICHAM | D9: =+D8+100 -> 101 | F9: AMINE | I9: =+IF(J9="","",IF(J7=0,"",(J7*I7)/(J9*60))) -> 0.92002688 | J9: 62 | K9: Stagiaire | L9: 2 | M9: 2 | N9: 2 | O9: 2 | P9: 2 | Q9: 2 | R9: 2 | S9: 2 | T9: 2 | X9: =15.55+(COUNTA(L7:V7)-(Y7/J7)) -> 20.39 | Y9: =+SUM(L9:V9) -> 18 | AB9: =+IFERROR(AB7/(J7*9),"") -> 1.4888889 | AD9: =+Y8+Y9/2 -> 541 | AE9: =+AD9*60 -> 32460 | AG9: =+AD8+AD9 -> 527.25
B10: =+B11 -> 2 | I10: VT | J10: P/H | K10: Entre Chaine | L10: 80 | M10: 40 | N10: 80 | O10: 40 | P10: 40 | Q10: 40 | R10: 80 | S10: 40 | T10: 40 | X10: =+W12 -> 0.66666667 | Y10: =+SUM(L10:V10) -> 480 | Z10: =+AA10+Y10 -> 6040 | AA10: 5560 | AE10: =+AD10*60 -> 0
B11: 2 | C11: 127-22 | E11: Stear | F11: 8456-298-800 | G11: 8731 | H11: manteau | I11: 54.97 | J11: 50 | K11: Sortie Chaine | L11: 35 | M11: 52 | N11: 41 | O11: 52 | P11: 41 | Q11: 55 | R11: 55 | S11: 70 | T11: 55 | W11: =+IF(COUNTA(L11:V11)=0,0,Y11/(COUNTA(L11:V11))) -> 50.666667 | Y11: =+SUM(L11:V11) -> 456 | Z11: =+Y11+AA11 -> 5541 | AA11: 5085 | AB11: =+Z10-Z11 -> 499 | AC11: =+IF(((Y12+(Y13/2))*60)=0,"",(I11*Y11)/((Y12+(Y13/2))*60)) -> 0.96371857 | AE11: =+AD11*60 -> 0 | AF11: =+Y11*I11 -> 25066.32
B12: =+B11 -> 2 | D12: =+B11 -> 2 | F12: =+VLOOKUP(F11,'Obj Prix'!$H:$H,2,FALSE) -> #N/A | I12: 3 | J12: EFF | K12: Effectifs | L12: 45 | M12: 48 | N12: 48 | O12: 48 | P12: 48 | Q12: 48 | R12: 48 | S12: 48 | T12: 48 | W12: =+W11-J11 -> 0.66666667 | Y12: =+SUM(L12:V12) -> 429 | AD12: =-(L12+(L13/2))*$AD$2/60 -> -11.375 | AE12: =+AD12*60 -> -682.5
B13: =+B11 -> 2 | C13: ABDELWAHID | D13: =+D12+100 -> 102 | F13: REDOUANE | I13: =+IF(J13="","",IF(J11=0,"",(J11*I11)/(J13*60))) -> 0.88092949 | J13: 52 | K13: Stagiaire | L13: 1 | M13: 1 | N13: 1 | O13: 1 | P13: 1 | Q13: 1 | R13: 1 | S13: 1 | T13: 1 | X13: 18.18 | Y13: =+SUM(L13:V13) -> 9 | AB13: =+IFERROR(AB11/(J11*9),"") -> 1.1088889 | AD13: =+Y12+Y13/2 -> 433.5 | AE13: =+AD13*60 -> 26010 | AG13: =+AD12+AD13 -> 422.125
B14: =+B15 -> 3 | I14: VT | J14: P/H | K14: Entre Chaine | L14: 50 | M14: 50 | N14: 50 | O14: 50 | P14: 50 | Q14: 50 | R14: 50 | S14: 50 | T14: 50 | X14: =+W16 -> 0 | Y14: =+SUM(L14:V14) -> 450 | Z14: =+AA14+Y14 -> 1550 | AA14: 1100 | AE14: =+AD14*60 -> 0
B15: 3 | C15: 122-22 | E15: Stear | F15: 8263-646-500 | G15: 14500 | H15: Veste | I15: 70.68 | J15: 44 | K15: Sortie Chaine | L15: 20 | M15: 50 | N15: 50 | O15: 50 | P15: 50 | Q15: 50 | R15: 45 | S15: 45 | T15: 36 | W15: =+IF(COUNTA(L15:V15)=0,0,Y15/(COUNTA(L15:V15))) -> 44 | Y15: =+SUM(L15:V15) -> 396 | Z15: =+Y15+AA15 -> 800 | AA15: 404 | AB15: =+Z14-Z15 -> 750 | AC15: =+IF(((Y16+(Y17/2))*60)=0,"",(I15*Y15)/((Y16+(Y17/2))*60)) -> 0.84051892 | AE15: =+AD15*60 -> 0 | AF15: =+Y15*I15 -> 27989.28
B16: =+B15 -> 3 | D16: =+B15 -> 3 | F16: =+VLOOKUP(F15,'Obj Prix'!$H:$H,2,FALSE) -> #N/A | I16: 3 | J16: EFF | K16: Effectifs | L16: 56 | M16: 59 | N16: 59 | O16: 59 | P16: 59 | Q16: 59 | R16: 59 | S16: 59 | T16: 59 | W16: =+W15-J15 -> 0 | Y16: =+SUM(L16:V16) -> 528 | AD16: =-(L16+(L17/2))*$AD$2/60 -> -14.75 | AE16: =+AD16*60 -> -885
B17: =+B15 -> 3 | C17: SAID | D17: =+D16+100 -> 103 | F17: AMINE | I17: =+IF(J17="","",IF(J15=0,"",(J15*I15)/(J17*60))) -> 0.87850847 | J17: 59 | K17: Stagiaire | L17: 6 | M17: 6 | N17: 6 | O17: 6 | P17: 6 | Q17: 6 | R17: 6 | S17: 6 | T17: 6 | X17: 17 | Y17: =+SUM(L17:V17) -> 54 | AB17: =+IFERROR(AB15/(J15*9),"") -> 1.8939394 | AD17: =+Y16+Y17/2 -> 555 | AE17: =+AD17*60 -> 33300 | AG17: =+AD16+AD17 -> 540.25
B18: =+B19 -> 4 | I18: VT | J18: P/H | K18: Entre Chaine | L18: 100 | M18: 50 | N18: 50 | O18: 50 | P18: 50 | Q18: 50 | X18: =+W20 -> 0 | Y18: =+SUM(L18:V18) -> 350 | Z18: =+AA18+Y18 -> 7001 | AA18: 6651 | AE18: =+AD18*60 -> 0
B19: 4 | C19: 118-22 | E19: Stear | F19: 7560-580-800 | G19: 11466 | H19: Veste | I19: 61.52 | J19: 45 | K19: Sortie Chaine | L19: 25 | M19: 45 | N19: 45 | O19: 45 | P19: 45 | Q19: 45 | R19: 65 | S19: 45 | T19: 45 | W19: =+IF(COUNTA(L19:V19)=0,0,Y19/(COUNTA(L19:V19))) -> 45 | Y19: =+SUM(L19:V19) -> 405 | Z19: =+Y19+AA19 -> 6244 | AA19: 5839 | AB19: =+Z18-Z19 -> 757 | AC19: =+IF(((Y20+(Y21/2))*60)=0,"",(I19*Y19)/((Y20+(Y21/2))*60)) -> 0.78129821 | AE19: =+AD19*60 -> 0 | AF19: =+Y19*I19 -> 24915.6
B20: =+B19 -> 4 | D20: =+B19 -> 4 | F20: =+VLOOKUP(F19,'Obj Prix'!$H:$H,2,FALSE) -> #N/A | G20: A.FINAL | I20: 4 | J20: EFF | K20: Effectifs | L20: 54 | M20: 58 | N20: 58 | O20: 58 | P20: 58 | Q20: 58 | R20: 58 | S20: 58 | T20: 58 | W20: =+W19-J19 -> 0 | Y20: =+SUM(L20:V20) -> 518 | AD20: =-(L20+(L21/2))*$AD$2/60 -> -13.875 | AE20: =+AD20*60 -> -832.5
B21: =+B19 -> 4 | C21: HAMID | D21: =+D20+100 -> 104 | F21: AMINE | H21: 2Pàm+4FL+Cont | I21: =+IF(J21="","",IF(J19=0,"",(J19*I19)/(J21*60))) -> 0.85444444 | J21: 54 | K21: Stagiaire | L21: 3 | M21: 3 | N21: 3 | O21: 3 | P21: 3 | Q21: 3 | R21: 3 | S21: 3 | T21: 3 | X21: 27.11 | Y21: =+SUM(L21:V21) -> 27 | AB21: =+IFERROR(AB19/(J19*9),"") -> 1.8691358 | AD21: =+Y20+Y21/2 -> 531.5 | AE21: =+AD21*60 -> 31890 | AG21: =+AD20+AD21 -> 517.625
B22: =+B23 -> 5 | I22: VT | J22: P/H | K22: Entre Chaine | L22: 34 | M22: 19 | N22: 18 | X22: =+W24 -> -5.5555556 | Y22: =+SUM(L22:V22) -> 71 | Z22: =+AA22+Y22 -> 4806 | AA22: 4735 | AE22: =+AD22*60 -> 0
B23: 5 | C23: 131-22 | E23: Stear | F23: 8482-321-401 | G23: 5000 | H23: Veste | I23: 66.74 | J23: 50 | K23: Sortie Chaine | L23: 30 | M23: 50 | N23: 40 | O23: 50 | P23: 50 | Q23: 50 | R23: 50 | S23: 50 | T23: 30 | W23: =+IF(COUNTA(L23:V23)=0,0,Y23/(COUNTA(L23:V23))) -> 44.444444 | Y23: =+SUM(L23:V23) -> 400 | Z23: =+Y23+AA23 -> 4218 | AA23: 3818 | AB23: =+Z22-Z23 -> 588 | AC23: =+IF(((Y24+(Y25/2))*60)=0,"",(I23*Y23)/((Y24+(Y25/2))*60)) -> 0.82701363 | AE23: =+AD23*60 -> 0 | AF23: =+Y23*I23 -> 26696
B24: =+B23 -> 5 | D24: =+B23 -> 5 | F24: =+VLOOKUP(F23,'Obj Prix'!$H:$H,2,FALSE) -> #N/A | G24: A.FINAL | I24: 3 | J24: EFF | K24: Effectifs | L24: 56 | M24: 58 | N24: 58 | O24: 58 | P24: 58 | Q24: 58 | R24: 58 | S24: 58 | T24: 58 | W24: =+W23-J23 -> -5.5555556 | Y24: =+SUM(L24:V24) -> 520 | AD24: =-(L24+(L25/2))*$AD$2/60 -> -14.5 | AE24: =+AD24*60 -> -870
B25: =+B23 -> 5 | C25: MOHAMMED | D25: =+D24+100 -> 105 | F25: REDOUANE | H25: 2Pàm+4FL+Cont | I25: =+IF(J25="","",IF(J23=0,"",(J23*I23)/(J25*60))) -> 0.94265537 | J25: 59 | K25: Stagiaire | L25: 4 | M25: 4 | N25: 4 | O25: 4 | P25: 4 | Q25: 4 | R25: 4 | S25: 4 | T25: 4 | X25: 16.85 | Y25: =+SUM(L25:V25) -> 36 | AB25: =+IFERROR(AB23/(J23*9),"") -> 1.3066667 | AD25: =+Y24+Y25/2 -> 538 | AE25: =+AD25*60 -> 32280 | AG25: =+AD24+AD25 -> 523.5
B26: =+B27 -> 5 | I26: VT | J26: P/H | K26: Entre Chaine | O26: 40 | P26: 40 | Q26: 40 | R26: 40 | X26: =+W28 -> 0 | Y26: =+SUM(L26:V26) -> 160 | Z26: =+AA26+Y26 -> 160 | AE26: =+AD26*60 -> 0
B27: 5 | C27: 139-22 | E27: Stear | F27: 7553-457-630 | H27: Veste | K27: Sortie Chaine | W27: =+IF(COUNTA(L27:V27)=0,0,Y27/(COUNTA(L27:V27))) -> 0 | Y27: =+SUM(L27:V27) -> 0 | Z27: =+Y27+AA27 -> 0 | AB27: =+Z26-Z27 -> 160 | AC27: =+IF(((Y28+(Y29/2))*60)=0,"",(I27*Y27)/((Y28+(Y29/2))*60)) | AE27: =+AD27*60 -> 0 | AF27: =+Y27*I27 -> 0
B28: =+B27 -> 5 | D28: =+B27 -> 5 | F28: =+VLOOKUP(F27,'Obj Prix'!$H:$H,2,FALSE) -> #N/A | J28: EFF | K28: Effectifs | W28: =+W27-J27 -> 0 | Y28: =+SUM(L28:V28) -> 0 | AD28: =-(L28+(L29/2))*$AD$2/60 -> 0 | AE28: =+AD28*60 -> 0
B29: =+B27 -> 5 | C29: MOHAMMED | D29: =+D28+100 -> 105 | F29: REDOUANE | I29: =+IF(J29="","",IF(J27=0,"",(J27*I27)/(J29*60))) | K29: Stagiaire | Y29: =+SUM(L29:V29) -> 0 | AB29: =+IFERROR(AB27/(J27*9),"") | AD29: =+Y28+Y29/2 -> 0 | AE29: =+AD29*60 -> 0 | AG29: =+AD28+AD29 -> 0
B30: =+B31 -> 6 | I30: VT | J30: P/H | K30: Entre Chaine | L30: 40 | M30: 40 | N30: 40 | O30: 40 | P30: 40 | Q30: 40 | R30: 80 | S30: 40 | T30: 40 | X30: =+W32 -> -8.4444444 | Y30: =+SUM(L30:V30) -> 400 | Z30: =+AA30+Y30 -> 4680 | AA30: 4280 | AE30: =+AD30*60 -> 0
B31: 6 | C31: 127-22 | E31: Stear | F31: 8456-298-800 | G31: 8731 | H31: manteau | I31: 55.97 | J31: 50 | K31: Sortie Chaine | L31: 15 | M31: 30 | N31: 39 | O31: 45 | P31: 45 | Q31: 45 | R31: 65 | S31: 45 | T31: 45 | W31: =+IF(COUNTA(L31:V31)=0,0,Y31/(COUNTA(L31:V31))) -> 41.555556 | Y31: =+SUM(L31:V31) -> 374 | Z31: =+Y31+AA31 -> 4067 | AA31: 3693 | AB31: =+Z30-Z31 -> 613 | AC31: =+IF(((Y32+(Y33/2))*60)=0,"",(I31*Y31)/((Y32+(Y33/2))*60)) -> 0.77271244 | AE31: =+AD31*60 -> 0 | AF31: =+Y31*I31 -> 20932.78
B32: =+B31 -> 6 | D32: =+B31 -> 6 | F32: =+VLOOKUP(F31,'Obj Prix'!$H:$H,2,FALSE) -> #N/A | G32: A.FINAL | I32: 6 | J32: EFF | K32: Effectifs | L32: 48 | M32: 48 | N32: 48 | O32: 48 | P32: 48 | Q32: 48 | R32: 47 | S32: 47 | T32: 47 | W32: =+W31-J31 -> -8.4444444 | Y32: =+SUM(L32:V32) -> 429 | AD32: =-(L32+(L33/2))*$AD$2/60 -> -12.625 | AE32: =+AD32*60 -> -757.5
B33: =+B31 -> 6 | C33: OMAR | D33: =+D32+100 -> 106 | F33: TOURABI | H33: 2FL+Cont | I33: =+IF(J33="","",IF(J31=0,"",(J31*I31)/(J33*60))) -> 0.89695513 | J33: 52 | K33: Stagiaire | L33: 5 | M33: 5 | N33: 5 | O33: 5 | P33: 5 | Q33: 5 | R33: 5 | S33: 5 | T33: 5 | X33: =52.4+(COUNTA(L31:V31)-(Y31/J31)) -> 53.92 | Y33: =+SUM(L33:V33) -> 45 | AB33: =+IFERROR(AB31/(J31*9),"") -> 1.3622222 | AD33: =+Y32+Y33/2 -> 451.5 | AE33: =+AD33*60 -> 27090 | AG33: =+AD32+AD33 -> 438.875
B34: =+B35 -> 7 | I34: VT | J34: P/H | K34: Entre Chaine | L34: 120 | M34: 60 | N34: 60 | O34: 60 | P34: 60 | Q34: 60 | X34: =+W36 -> -22.222222 | Y34: =+SUM(L34:V34) -> 420 | Z34: =+AA34+Y34 -> 1030 | AA34: 610 | AE34: =+AD34*60 -> 0
B35: 7 | C35: 135-22 | E35: Stear | F35: 8880-888-942 | G35: 7720 | H35: Veste | I35: 62.08 | J35: 49 | K35: Sortie Chaine | L35: 11 | M35: 30 | N35: 69 | O35: 8 | P35: 16 | Q35: 30 | R35: 30 | S35: 27 | T35: 20 | W35: =+IF(COUNTA(L35:V35)=0,0,Y35/(COUNTA(L35:V35))) -> 26.777778 | Y35: =+SUM(L35:V35) -> 241 | Z35: =+Y35+AA35 -> 281 | AA35: 40 | AB35: =+Z34-Z35 -> 749 | AC35: =+IF(((Y36+(Y37/2))*60)=0,"",(I35*Y35)/((Y36+(Y37/2))*60)) -> 0.47723381 | AE35: =+AD35*60 -> 0 | AF35: =+Y35*I35 -> 14961.28
B36: =+B35 -> 7 | D36: =+B35 -> 7 | F36: =+VLOOKUP(F35,'Obj Prix'!$H:$H,2,FALSE) -> #N/A | G36: A.FINAL | I36: 3 | J36: EFF | K36: Effectifs | L36: 56 | M36: 57 | N36: 57 | O36: 57 | P36: 57 | Q36: 57 | R36: 56 | S36: 56 | T36: 56 | W36: =+W35-J35 -> -22.222222 | Y36: =+SUM(L36:V36) -> 509 | AD36: =-(L36+(L37/2))*$AD$2/60 -> -14.375 | AE36: =+AD36*60 -> -862.5
B37: =+B35 -> 7 | C37: YOUSSEF | D37: =+D36+100 -> 107 | F37: AMINE | H37: 2CON+ 4 fL | I37: =+IF(J37="","",IF(J35=0,"",(J35*I35)/(J37*60))) -> 0.88945029 | J37: 57 | K37: Stagiaire | L37: 3 | M37: 3 | N37: 3 | O37: 3 | P37: 3 | Q37: 3 | R37: 3 | S37: 3 | T37: 3 | X37: =13.3+(COUNTA(L35:V35)-(Y35/J35)) -> 17.381633 | Y37: =+SUM(L37:V37) -> 27 | AB37: =+IFERROR(AB35/(J35*9),"") -> 1.6984127 | AD37: =+Y36+Y37/2 -> 522.5 | AE37: =+AD37*60 -> 31350 | AG37: =+AD36+AD37 -> 508.125
B38: =+B39 -> 8 | I38: VT | J38: P/H | K38: Entre Chaine | L38: 40 | M38: 40 | N38: 40 | O38: 40 | P38: 80 | Q38: 40 | R38: 80 | S38: 40 | T38: 40 | X38: =+W40 -> 0.77777778 | Y38: =+SUM(L38:V38) -> 440 | Z38: =+AA38+Y38 -> 3000 | AA38: 2560 | AE38: =+AD38*60 -> 0
B39: 8 | C39: 127-22 | E39: Stear | F39: 8456-298-800 | G39: 8731 | H39: manteau | I39: 55.97 | J39: 50 | K39: Sortie Chaine | L39: 44 | M39: 56 | N39: 50 | O39: 50 | P39: 50 | Q39: 51 | R39: 52 | S39: 52 | T39: 52 | W39: =+IF(COUNTA(L39:V39)=0,0,Y39/(COUNTA(L39:V39))) -> 50.777778 | Y39: =+SUM(L39:V39) -> 457 | Z39: =+Y39+AA39 -> 2304 | AA39: 1847 | AB39: =+Z38-Z39 -> 696 | AC39: =+IF(((Y40+(Y41/2))*60)=0,"",(I39*Y39)/((Y40+(Y41/2))*60)) -> 0.87717044 | AE39: =+AD39*60 -> 0 | AF39: =+Y39*I39 -> 25578.29
B40: =+B39 -> 8 | D40: =+B39 -> 8 | F40: =+VLOOKUP(F39,'Obj Prix'!$H:$H,2,FALSE) -> #N/A | G40: A.FINAL | I40: 2 | J40: EFF | K40: Effectifs | L40: 52 | M40: 52 | N40: 52 | O40: 52 | P40: 52 | Q40: 52 | R40: 52 | S40: 52 | T40: 52 | W40: =+W39-J39 -> 0.77777778 | Y40: =+SUM(L40:V40) -> 468 | AD40: =-(L40+(L41/2))*$AD$2/60 -> -13.5 | AE40: =+AD40*60 -> -810
B41: =+B39 -> 8 | C41: OTMAN | D41: =+D40+100 -> 108 | F41: TOURABI | H41: 2Cont | I41: =+IF(J41="","",IF(J39=0,"",(J39*I39)/(J41*60))) -> 0.89695513 | J41: 52 | K41: Stagiaire | L41: 4 | M41: 4 | N41: 4 | O41: 4 | P41: 4 | Q41: 4 | R41: 4 | S41: 4 | T41: 4 | X41: 29.5 | Y41: =+SUM(L41:V41) -> 36 | AB41: =+IFERROR(AB39/(J39*9),"") -> 1.5466667 | AD41: =+Y40+Y41/2 -> 486 | AE41: =+AD41*60 -> 29160 | AG41: =+AD40+AD41 -> 472.5
B42: =+B43 -> 9 | I42: VT | J42: P/H | K42: Entre Chaine | X42: =+W44 -> 0 | Y42: =+SUM(L42:V42) -> 0 | Z42: =+AA42+Y42 -> 950 | AA42: 950 | AE42: =+AD42*60 -> 0
B43: 9 | C43: 122-22 | E43: Stear | F43: 8263-646-500 | G43: 1500 | H43: Veste | I43: 70.68 | J43: 44 | K43: Sortie Chaine | L43: 30 | M43: 45 | N43: 45 | O43: 45 | P43: 45 | Q43: 45 | R43: 53 | S43: 44 | T43: 44 | W43: =+IF(COUNTA(L43:V43)=0,0,Y43/(COUNTA(L43:V43))) -> 44 | Y43: =+SUM(L43:V43) -> 396 | Z43: =+Y43+AA43 -> 583 | AA43: 187 | AB43: =+Z42-Z43 -> 367 | AC43: =+IF(((Y44+(Y45/2))*60)=0,"",(I43*Y43)/((Y44+(Y45/2))*60)) -> 0.89537044 | AE43: =+AD43*60 -> 0 | AF43: =+Y43*I43 -> 27989.28
B44: =+B43 -> 9 | D44: =+B43 -> 9 | F44: =+VLOOKUP(F43,'Obj Prix'!$H:$H,2,FALSE) -> #N/A | G44: A.FINAL | I44: 2 | J44: EFF | K44: Effectifs | L44: 57 | M44: 58 | N44: 58 | O44: 56 | P44: 56 | Q44: 56 | R44: 56 | S44: 56 | T44: 56 | W44: =+W43-J43 -> 0 | Y44: =+SUM(L44:V44) -> 509 | AD44: =-(L44+(L45/2))*$AD$2/60 -> -14.75 | AE44: =+AD44*60 -> -885
B45: =+B43 -> 9 | C45: JAMAL | D45: =+D44+100 -> 109 | F45: AMINE | H45: 2Spc+2PàM+4FL+Cont | I45: =+IF(J45="","",IF(J43=0,"",(J43*I43)/(J45*60))) -> 0.87850847 | J45: 59 | K45: Stagiaire | L45: 4 | M45: 4 | N45: 4 | O45: 4 | P45: 4 | Q45: 1 | R45: 1 | S45: 1 | T45: 1 | X45: 22.04 | Y45: =+SUM(L45:V45) -> 24 | AB45: =+IFERROR(AB43/(J43*9),"") -> 0.92676768 | AD45: =+Y44+Y45/2 -> 521 | AE45: =+AD45*60 -> 31260 | AG45: =+AD44+AD45 -> 506.25
B46: =+B47 -> 9 | I46: VT | J46: P/H | K46: Entre Chaine | L46: 80 | M46: 78 | N46: 80 | O46: 40 | Q46: 40 | X46: =+W48 -> -45 | Y46: =+SUM(L46:V46) -> 318 | Z46: =+AA46+Y46 -> 318 | AE46: =+AD46*60 -> 0
B47: 9 | C47: 134-22 | E47: Stear | F47: 8750-331-085 | H47: Veste | I47: 72 | J47: 45 | K47: Sortie Chaine | W47: =+IF(COUNTA(L47:V47)=0,0,Y47/(COUNTA(L47:V47))) -> 0 | Y47: =+SUM(L47:V47) -> 0 | Z47: =+Y47+AA47 -> 0 | AB47: =+Z46-Z47 -> 318 | AC47: =+IF(((Y48+(Y49/2))*60)=0,"",(I47*Y47)/((Y48+(Y49/2))*60)) | AE47: =+AD47*60 -> 0 | AF47: =+Y47*I47 -> 0
B48: =+B47 -> 9 | D48: =+B47 -> 9 | F48: =+VLOOKUP(F47,'Obj Prix'!$H:$H,2,FALSE) -> #N/A | G48: A.FINAL | J48: EFF | K48: Effectifs | W48: =+W47-J47 -> -45 | Y48: =+SUM(L48:V48) -> 0 | AD48: =-(L48+(L49/2))*$AD$2/60 -> 0 | AE48: =+AD48*60 -> 0
B49: =+B47 -> 9 | C49: JAMAL | D49: =+D48+100 -> 109 | F49: AMINE | I49: =+IF(J49="","",IF(J47=0,"",(J47*I47)/(J49*60))) -> 0.9 | J49: 60 | K49: Stagiaire | Y49: =+SUM(L49:V49) -> 0 | AB49: =+IFERROR(AB47/(J47*9),"") -> 0.78518519 | AD49: =+Y48+Y49/2 -> 0 | AE49: =+AD49*60 -> 0 | AG49: =+AD48+AD49 -> 0
B50: =+B51 -> 11 | I50: VT | J50: P/H | K50: Entre Chaine | L50: 50 | M50: 50 | N50: 50 | O50: 50 | P50: 50 | Q50: 50 | R50: 50 | S50: 50 | X50: =+W52 -> 0 | Y50: =+SUM(L50:V50) -> 400 | Z50: =+AA50+Y50 -> 8015 | AA50: 7615 | AE50: =+AD50*60 -> 0
B51: 11 | C51: 118-22 | E51: Stear | F51: 7560-580-800 | G51: 11466 | H51: Veste | I51: 61.52 | J51: 45 | K51: Sortie Chaine | L51: 39 | M51: 0 | N51: 50 | O51: 50 | P51: 50 | Q51: 50 | R51: 50 | S51: 50 | T51: 66 | W51: =+IF(COUNTA(L51:V51)=0,0,Y51/(COUNTA(L51:V51))) -> 45 | Y51: =+SUM(L51:V51) -> 405 | Z51: =+Y51+AA51 -> 7296 | AA51: 6891 | AB51: =+Z50-Z51 -> 719 | AC51: =+IF(((Y52+(Y53/2))*60)=0,"",(I51*Y51)/((Y52+(Y53/2))*60)) -> 0.89785946 | AE51: =+AD51*60 -> 0 | AF51: =+Y51*I51 -> 24915.6
B52: =+B51 -> 11 | F52: =+VLOOKUP(F51,'Obj Prix'!$H:$H,2,FALSE) -> #N/A | G52: A.FINAL | I52: 2 | J52: EFF | K52: Effectifs | L52: 49 | M52: 50 | N52: 50 | O52: 50 | P52: 50 | Q52: 50 | R52: 50 | S52: 50 | T52: 50 | W52: =+W51-J51 -> 0 | Y52: =+SUM(L52:V52) -> 449 | AD52: =-(L52+(L53/2))*$AD$2/60 -> -12.625 | AE52: =+AD52*60 -> -757.5
B53: =+B51 -> 11 | C53: ABDRAZZAK | D53: =+D52+100 -> 100 | F53: AMINE | H53: 2Pàm+4FL+Cont | I53: =+IF(J53="","",IF(J51=0,"",(J51*I51)/(J53*60))) -> 0.85444444 | J53: 54 | K53: Stagiaire | L53: 3 | M53: 3 | N53: 3 | O53: 3 | P53: 3 | Q53: 3 | R53: 3 | S53: 3 | T53: 3 | X53: 24.27 | Y53: =+SUM(L53:V53) -> 27 | AB53: =+IFERROR(AB51/(J51*9),"") -> 1.7753086 | AD53: =+Y52+Y53/2 -> 462.5 | AE53: =+AD53*60 -> 27750 | AG53: =+AD52+AD53 -> 449.875
B54: =+B55 -> 12 | I54: VT | J54: P/H | K54: Entre Chaine | X54: =+W56 -> -41 | Y54: =+SUM(L54:V54) -> 0 | Z54: =+AA54+Y54 -> 4332 | AA54: 4332 | AE54: =+AD54*60 -> 0 | AH54: 116-22
B55: 12 | C55: 120-22 | E55: Stear | F55: 8138-760-800 | G55: 4500 | H55: Veste | I55: 69.26 | J55: 50 | K55: Sortie Chaine | L55: 9 | W55: =+IF(COUNTA(L55:V55)=0,0,Y55/(COUNTA(L55:V55))) -> 9 | Y55: =+SUM(L55:V55) -> 9 | Z55: =+Y55+AA55 -> 4327 | AA55: 4318 | AB55: =+Z54-Z55 -> 5 | AC55: =+IF(((Y56+(Y57/2))*60)=0,"",(I55*Y55)/((Y56+(Y57/2))*60)) -> 10.389 | AE55: =+AD55*60 -> 0 | AF55: =+Y55*I55 -> 623.34 | AH55: 2964
B56: =+B55 -> 12 | F56: =+VLOOKUP(F55,'Obj Prix'!$H:$H,2,FALSE) -> #N/A | G56: A.FINAL | J56: EFF | K56: Effectifs | L56: 1 | W56: =+W55-J55 -> -41 | Y56: =+SUM(L56:V56) -> 1 | AD56: =-(L56+(L57/2))*$AD$2/60 -> -0.25 | AE56: =+AD56*60 -> -15
B57: =+B55 -> 12 | C57: ALI | D57: =+D56+100 -> 100 | F57: TOURABI | H57: 2Spc+2PàM+4FL+Cont | I57: =+IF(J57="","",IF(J55=0,"",(J55*I55)/(J57*60))) -> 0.96194444 | J57: 60 | K57: Stagiaire | X57: 13.54 | Y57: =+SUM(L57:V57) -> 0 | AB57: =+IFERROR(AB55/(J55*9),"") -> 0.011111111 | AD57: =+Y56+Y57/2 -> 1 | AE57: =+AD57*60 -> 60 | AG57: =+AD56+AD57 -> 0.75
B58: =+B59 -> 12 | I58: VT | J58: P/H | K58: Entre Chaine | L58: 40 | M58: 40 | N58: 40 | O58: 40 | P58: 40 | Q58: 40 | X58: =+W60 -> -20.555556 | Y58: =+SUM(L58:V58) -> 240 | Z58: =+AA58+Y58 -> 760 | AA58: 520 | AE58: =+AD58*60 -> 0
B59: 12 | C59: 132-22 | E59: Stear | F59: 8498-298-401 | G59: 12070 | H59: manteau | I59: 66.4 | J59: 48 | K59: Sortie Chaine | L59: 10 | M59: 16 | N59: 31 | O59: 40 | P59: 35 | Q59: 40 | R59: 10 | S59: 33 | T59: 32 | W59: =+IF(COUNTA(L59:V59)=0,0,Y59/(COUNTA(L59:V59))) -> 27.444444 | Y59: =+SUM(L59:V59) -> 247 | Z59: =+Y59+AA59 -> 285 | AA59: 38 | AB59: =+Z58-Z59 -> 475 | AC59: =+IF(((Y60+(Y61/2))*60)=0,"",(I59*Y59)/((Y60+(Y61/2))*60)) -> 0.51332707 | AE59: =+AD59*60 -> 0 | AF59: =+Y59*I59 -> 16400.8
B60: =+B59 -> 12 | F60: =+VLOOKUP(F59,'Obj Prix'!$H:$H,2,FALSE) -> #N/A | G60: A.FINAL | J60: EFF | K60: Effectifs | L60: 57 | M60: 57 | N60: 57 | O60: 58 | P60: 58 | Q60: 58 | R60: 58 | S60: 58 | T60: 58 | W60: =+W59-J59 -> -20.555556 | Y60: =+SUM(L60:V60) -> 519 | AD60: =-(L60+(L61/2))*$AD$2/60 -> -14.625 | AE60: =+AD60*60 -> -877.5
B61: =+B59 -> 12 | C61: ALI | D61: =+D60+100 -> 100 | F61: TOURABI | H61: 4FL+Cont | I61: =+IF(J61="","",IF(J59=0,"",(J59*I59)/(J61*60))) -> 0.85677419 | J61: 62 | K61: Stagiaire | L61: 3 | M61: 3 | N61: 3 | O61: 3 | P61: 3 | Q61: 3 | R61: 3 | S61: 3 | T61: 3 | X61: =10.79+(COUNTA(L59:V59)-(Y59/J59)) -> 14.644167 | Y61: =+SUM(L61:V61) -> 27 | AB61: =+IFERROR(AB59/(J59*9),"") -> 1.099537 | AD61: =+Y60+Y61/2 -> 532.5 | AE61: =+AD61*60 -> 31950 | AG61: =+AD60+AD61 -> 517.875
B62: =+B63 -> 13 | I62: VT | J62: P/H | K62: Entre Chaine | L62: 50 | M62: 50 | N62: 50 | O62: 50 | P62: 50 | Q62: 50 | X62: =+W64 -> 0 | Y62: =+SUM(L62:V62) -> 300 | Z62: =+AA62+Y62 -> 3026 | AA62: 2726 | AE62: =+AD62*60 -> 0
B63: 13 | C63: 122-22 | E63: Stear | F63: 8263-646-500 | G63: 16000 | H63: Veste | I63: 68.48 | J63: 44 | K63: Sortie Chaine | L63: 32 | M63: 44 | N63: 44 | O63: 44 | P63: 44 | Q63: 44 | R63: 44 | S63: 44 | T63: 56 | W63: =+IF(COUNTA(L63:V63)=0,0,Y63/(COUNTA(L63:V63))) -> 44 | Y63: =+SUM(L63:V63) -> 396 | Z63: =+Y63+AA63 -> 2168 | AA63: 1772 | AB63: =+Z62-Z63 -> 858 | AC63: =+IF(((Y64+(Y65/2))*60)=0,"",(I63*Y63)/((Y64+(Y65/2))*60)) -> 0.86007231 | AE63: =+AD63*60 -> 0 | AF63: =+Y63*I63 -> 27118.08
B64: =+B63 -> 13 | F64: =+VLOOKUP(F63,'Obj Prix'!$H:$H,2,FALSE) -> #N/A | G64: A.FINAL | I64: 4 | J64: EFF | K64: Effectifs | L64: 58 | M64: 58 | N64: 58 | O64: 58 | P64: 56 | Q64: 56 | R64: 56 | S64: 56 | T64: 56 | W64: =+W63-J63 -> 0 | Y64: =+SUM(L64:V64) -> 512 | AD64: =-(L64+(L65/2))*$AD$2/60 -> -14.875 | AE64: =+AD64*60 -> -892.5
B65: =+B63 -> 13 | C65: DENNI | D65: =+D64+100 -> 100 | F65: AMINE | H65: 2Spc+2PàM+4FL+Cont | I65: =+IF(J65="","",IF(J63=0,"",(J63*I63)/(J65*60))) -> 0.88102924 | J65: 57 | K65: Stagiaire | L65: 3 | M65: 3 | N65: 3 | O65: 3 | P65: 3 | Q65: 3 | R65: 3 | S65: 3 | T65: 3 | X65: 26.69 | Y65: =+SUM(L65:V65) -> 27 | AB65: =+IFERROR(AB63/(J63*9),"") -> 2.1666667 | AD65: =+Y64+Y65/2 -> 525.5 | AE65: =+AD65*60 -> 31530 | AG65: =+AD64+AD65 -> 510.625
B66: =+B67 -> 14 | I66: VT | J66: P/H | K66: Entre Chaine | L66: 60 | M66: 60 | N66: 60 | O66: 120 | Q66: 39 | R66: 40 | S66: 41 | X66: =+W68 -> -21.111111 | Y66: =+SUM(L66:V66) -> 420 | Z66: =+AA66+Y66 -> 1250 | AA66: 830 | AE66: =+AD66*60 -> 0
B67: 14 | C67: 135-22 | E67: Stear | F67: 8880-888-942 | G67: 7720 | H67: Veste | I67: 69.08 | J67: 49 | K67: Sortie Chaine | L67: 6 | M67: 15 | N67: 20 | O67: 28 | P67: 30 | Q67: 35 | R67: 35 | S67: 35 | T67: 47 | W67: =+IF(COUNTA(L67:V67)=0,0,Y67/(COUNTA(L67:V67))) -> 27.888889 | Y67: =+SUM(L67:V67) -> 251 | Z67: =+Y67+AA67 -> 358 | AA67: 107 | AB67: =+Z66-Z67 -> 892 | AC67: =+IF(((Y68+(Y69/2))*60)=0,"",(I67*Y67)/((Y68+(Y69/2))*60)) -> 0.52638373 | AE67: =+AD67*60 -> 0 | AF67: =+Y67*I67 -> 17339.08
B68: =+B67 -> 14 | D68: =+B67 -> 14 | F68: =+VLOOKUP(F67,'Obj Prix'!$H:$H,2,FALSE) -> #N/A | G68: A.FINAL | I68: 1 | J68: EFF | K68: Effectifs | L68: 60 | M68: 60 | N68: 60 | O68: 60 | P68: 60 | Q68: 60 | R68: 60 | S68: 60 | T68: 60 | W68: =+W67-J67 -> -21.111111 | Y68: =+SUM(L68:V68) -> 540 | AD68: =-(L68+(L69/2))*$AD$2/60 -> -15.25 | AE68: =+AD68*60 -> -915
B69: =+B67 -> 14 | C69: HASSAN | D69: =+D68+100 -> 114 | F69: AMINE | H69: 7PàM+4FL+Cont | I69: =+IF(J69="","",IF(J67=0,"",(J67*I67)/(J69*60))) -> 0.89548148 | J69: 63 | K69: Stagiaire | L69: 2 | M69: 2 | N69: 2 | O69: 2 | P69: 2 | Q69: 2 | R69: 2 | S69: 2 | T69: 2 | X69: =12.38+(COUNTA(L67:V67)-(Y67/J67)) -> 16.257551 | Y69: =+SUM(L69:V69) -> 18 | AB69: =+IFERROR(AB67/(J67*9),"") -> 2.0226757 | AD69: =+Y68+Y69/2 -> 549 | AE69: =+AD69*60 -> 32940 | AG69: =+AD68+AD69 -> 533.75
B70: =+B71 -> 15 | I70: VT | J70: P/H | K70: Entre Chaine | X70: =+W72 -> 0 | Y70: =+SUM(L70:V70) -> 0 | Z70: =+AA70+Y70 -> 6274 | AA70: 6274 | AE70: =+AD70*60 -> 0
B71: 15 | C71: 121-22 | E71: Stear | F71: 8412-624-712 | G71: 7500 | H71: Veste | I71: 61.46 | J71: 48 | K71: Sortie Chaine | L71: 35 | M71: 50 | N71: 48 | O71: 48 | P71: 52 | Q71: 38 | R71: 48 | S71: 53 | T71: 60 | W71: =+IF(COUNTA(L71:V71)=0,0,Y71/(COUNTA(L71:V71))) -> 48 | Y71: =+SUM(L71:V71) -> 432 | Z71: =+Y71+AA71 -> 5926 | AA71: 5494 | AB71: =+Z70-Z71 -> 348 | AC71: =+IF(((Y72+(Y73/2))*60)=0,"",(I71*Y71)/((Y72+(Y73/2))*60)) -> 3.512 | AE71: =+AD71*60 -> 0 | AF71: =+Y71*I71 -> 26550.72
B72: =+B71 -> 15 | D72: =+B71 -> 15 | F72: =+VLOOKUP(F71,'Obj Prix'!$H:$H,2,FALSE) -> #N/A | G72: A.FINAL | I72: 3 | J72: EFF | K72: Effectifs | L72: 25 | M72: 20 | N72: 17 | O72: 15 | P72: 14 | Q72: 12 | R72: 10 | S72: 8 | T72: 5 | W72: =+W71-J71 -> 0 | Y72: =+SUM(L72:V72) -> 126 | AD72: =-(L72+(L73/2))*$AD$2/60 -> -6.25 | AE72: =+AD72*60 -> -375
B73: =+B71 -> 15 | C73: FARID | D73: =+D72+100 -> 115 | F73: AMINE | H73: 2 sp+4FL+Cont | I73: =+IF(J73="","",IF(J71=0,"",(J71*I71)/(J73*60))) -> 0.86259649 | J73: 57 | K73: Stagiaire | X73: 23.28 | Y73: =+SUM(L73:V73) -> 0 | AB73: =+IFERROR(AB71/(J71*9),"") -> 0.80555556 | AD73: =+Y72+Y73/2 -> 126 | AE73: =+AD73*60 -> 7560 | AG73: =+AD72+AD73 -> 119.75
B74: =+B75 -> 15 | I74: VT | J74: P/H | K74: Entre Chaine | L74: 90 | M74: 40 | N74: 90 | O74: 40 | Q74: 50 | R74: 29 | X74: =+W76 -> 0 | Y74: =+SUM(L74:V74) -> 339 | Z74: =+AA74+Y74 -> 339 | AE74: =+AD74*60 -> 0
B75: 15 | C75: 134-22 | E75: Stear | F75: 8750-331-085 | H75: Veste | K75: Sortie Chaine | W75: =+IF(COUNTA(L75:V75)=0,0,Y75/(COUNTA(L75:V75))) -> 0 | Y75: =+SUM(L75:V75) -> 0 | Z75: =+Y75+AA75 -> 0 | AB75: =+Z74-Z75 -> 339 | AC75: =+IF(((Y76+(Y77/2))*60)=0,"",(I75*Y75)/((Y76+(Y77/2))*60)) -> 0 | AE75: =+AD75*60 -> 0 | AF75: =+Y75*I75 -> 0
B76: =+B75 -> 15 | D76: =+B75 -> 15 | F76: =+VLOOKUP(F75,'Obj Prix'!$H:$H,2,FALSE) -> #N/A | J76: EFF | K76: Effectifs | L76: =56-L72 -> 31 | M76: =56-M72 -> 36 | N76: =56-N72 -> 39 | O76: =56-O72 -> 41 | P76: =56-P72 -> 42 | Q76: =56-Q72 -> 44 | R76: =56-R72 -> 46 | S76: =56-S72 -> 48 | T76: =56-T72 -> 51 | W76: =+W75-J75 -> 0 | Y76: =+SUM(L76:V76) -> 378 | AD76: =-(L76+(L77/2))*$AD$2/60 -> -8 | AE76: =+AD76*60 -> -480
B77: =+B75 -> 15 | C77: FARID | D77: =+D76+100 -> 115 | F77: AMINE | I77: =+IF(J77="","",IF(J75=0,"",(J75*I75)/(J77*60))) | K77: Stagiaire | L77: 2 | M77: 2 | N77: 2 | O77: 2 | P77: 2 | Q77: 3 | R77: 4 | S77: 5 | T77: 6 | Y77: =+SUM(L77:V77) -> 28 | AB77: =+IFERROR(AB75/(J75*9),"") | AD77: =+Y76+Y77/2 -> 392 | AE77: =+AD77*60 -> 23520 | AG77: =+AD76+AD77 -> 384
B78: =+B79 -> 17 | I78: VT | J78: P/H | K78: Entre Chaine | L78: 40 | M78: 40 | N78: 40 | O78: 40 | P78: 40 | Q78: 80 | R78: 40 | S78: 80 | T78: 40 | X78: =+W80 -> 2 | Y78: =+SUM(L78:V78) -> 440 | Z78: =+AA78+Y78 -> 6440 | AA78: 6000 | AE78: =+AD78*60 -> 0
B79: 17 | C79: 127-22 | E79: Stear | F79: 8456-298-800 | G79: 8731 | H79: manteau | I79: 60.17 | J79: 50 | K79: Sortie Chaine | L79: 52 | M79: 52 | N79: 45 | O79: 59 | P79: 52 | Q79: 52 | R79: 52 | S79: 52 | T79: 52 | W79: =+IF(COUNTA(L79:V79)=0,0,Y79/(COUNTA(L79:V79))) -> 52 | Y79: =+SUM(L79:V79) -> 468 | Z79: =+Y79+AA79 -> 5926 | AA79: 5458 | AB79: =+Z78-Z79 -> 514 | AC79: =+IF(((Y80+(Y81/2))*60)=0,"",(I79*Y79)/((Y80+(Y81/2))*60)) -> 0.90866602 | AE79: =+AD79*60 -> 0 | AF79: =+Y79*I79 -> 28159.56
B80: =+B79 -> 17 | F80: =+VLOOKUP(F79,'Obj Prix'!$H:$H,2,FALSE) -> #N/A | G80: A.FINAL | I80: 1 | J80: EFF | K80: Effectifs | L80: 56 | M80: 57 | N80: 57 | O80: 57 | P80: 57 | Q80: 57 | R80: 57 | S80: 57 | T80: 57 | W80: =+W79-J79 -> 2 | Y80: =+SUM(L80:V80) -> 512 | AD80: =-(L80+(L81/2))*$AD$2/60 -> -14.125 | AE80: =+AD80*60 -> -847.5
B81: =+B79 -> 17 | C81: AHMAD | D81: =+D80+100 -> 100 | F81: REDOUANE | H81: 4FL+Cont | I81: =+IF(J81="","",IF(J79=0,"",(J79*I79)/(J81*60))) -> 0.8953869 | J81: 56 | K81: Stagiaire | L81: 1 | M81: 1 | N81: 1 | O81: 1 | P81: 1 | Q81: 1 | R81: 1 | S81: 1 | T81: 1 | X81: 14.54 | Y81: =+SUM(L81:V81) -> 9 | AB81: =+IFERROR(AB79/(J79*9),"") -> 1.1422222 | AD81: =+Y80+Y81/2 -> 516.5 | AE81: =+AD81*60 -> 30990 | AG81: =+AD80+AD81 -> 502.375
B82: =+B83 -> 18 | I82: VT | J82: P/H | K82: Entre Chaine | L82: 50 | M82: 50 | N82: 50 | O82: 50 | P82: 50 | Q82: 50 | R82: 50 | S82: 50 | T82: 50 | X82: =+W84 -> 2 | Y82: =+SUM(L82:V82) -> 450 | Z82: =+AA82+Y82 -> 4100 | AA82: 3650 | AE82: =+AD82*60 -> 0
B83: 18 | C83: 121-22 | E83: Stear | F83: 8412-624-712 | G83: 6712 | H83: Veste | I83: 61.46 | J83: 48 | K83: Sortie Chaine | L83: 50 | M83: 50 | N83: 50 | O83: 50 | P83: 50 | Q83: 50 | R83: 50 | S83: 50 | T83: 50 | W83: =+IF(COUNTA(L83:V83)=0,0,Y83/(COUNTA(L83:V83))) -> 50 | Y83: =+SUM(L83:V83) -> 450 | Z83: =+Y83+AA83 -> 3386 | AA83: 2936 | AB83: =+Z82-Z83 -> 714 | AC83: =+IF(((Y84+(Y85/2))*60)=0,"",(I83*Y83)/((Y84+(Y85/2))*60)) -> 0.92653266 | AE83: =+AD83*60 -> 0 | AF83: =+Y83*I83 -> 27657
B84: =+B83 -> 18 | F84: =+VLOOKUP(F83,'Obj Prix'!$H:$H,2,FALSE) -> #N/A | G84: A.FINAL | I84: 3 | J84: EFF | K84: Effectifs | L84: 52 | M84: 54 | N84: 54 | O84: 54 | P84: 54 | Q84: 54 | R84: 54 | S84: 54 | T84: 54 | W84: =+W83-J83 -> 2 | Y84: =+SUM(L84:V84) -> 484 | AD84: =-(L84+(L85/2))*$AD$2/60 -> -13.375 | AE84: =+AD84*60 -> -802.5
B85: =+B83 -> 18 | C85: ABDNOR | D85: =+D84+100 -> 100 | F85: TOURABI | H85: 2sp+4FL+2Cont | I85: =+IF(J85="","",IF(J83=0,"",(J83*I83)/(J85*60))) -> 0.86259649 | J85: 57 | K85: Stagiaire | L85: 3 | M85: 3 | N85: 3 | O85: 3 | P85: 3 | Q85: 3 | R85: 3 | S85: 3 | T85: 3 | X85: 8.49 | Y85: =+SUM(L85:V85) -> 27 | AB85: =+IFERROR(AB83/(J83*9),"") -> 1.6527778 | AD85: =+Y84+Y85/2 -> 497.5 | AE85: =+AD85*60 -> 29850 | AG85: =+AD84+AD85 -> 484.125
B86: =+B87 -> 19 | I86: VT | J86: P/H | K86: Entre Chaine | L86: 100 | M86: 100 | N86: 50 | O86: 50 | P86: 50 | Q86: 50 | R86: 50 | X86: =+W88 -> 5 | Y86: =+SUM(L86:V86) -> 450 | Z86: =+AA86+Y86 -> 7360 | AA86: 6910 | AE86: =+AD86*60 -> 0
B87: 19 | C87: 118-22 | E87: Stear | F87: 7560-580-800 | G87: 11466 | H87: Veste | I87: 61.52 | J87: 45 | K87: Sortie Chaine | L87: 30 | M87: 50 | N87: 50 | O87: 50 | P87: 50 | Q87: 50 | R87: 50 | S87: 50 | T87: 70 | W87: =+IF(COUNTA(L87:V87)=0,0,Y87/(COUNTA(L87:V87))) -> 50 | Y87: =+SUM(L87:V87) -> 450 | Z87: =+Y87+AA87 -> 6571 | AA87: 6121 | AB87: =+Z86-Z87 -> 789 | AC87: =+IF(((Y88+(Y89/2))*60)=0,"",(I87*Y87)/((Y88+(Y89/2))*60)) -> 0.99762162 | AE87: =+AD87*60 -> 0 | AF87: =+Y87*I87 -> 27684
B88: =+B87 -> 19 | D88: =+B87 -> 19 | F88: =+VLOOKUP(F87,'Obj Prix'!$H:$H,2,FALSE) -> #N/A | G88: A.FINAL | H88: 4 | I88: 4 | J88: EFF | K88: Effectifs | L88: 49 | M88: 49 | N88: 49 | O88: 49 | P88: 49 | Q88: 49 | R88: 49 | S88: 49 | T88: 49 | W88: =+W87-J87 -> 5 | Y88: =+SUM(L88:V88) -> 441 | AD88: =-(L88+(L89/2))*$AD$2/60 -> -12.625 | AE88: =+AD88*60 -> -757.5
B89: =+B87 -> 19 | C89: AHMAD | D89: =+D88+100 -> 119 | F89: AMINE | H89: 2Pàm+4FL+Cont | I89: =+IF(J89="","",IF(J87=0,"",(J87*I87)/(J89*60))) -> 0.85444444 | J89: 54 | K89: Stagiaire | L89: 3 | M89: 5 | N89: 5 | O89: 5 | P89: 5 | Q89: 5 | R89: 5 | S89: 5 | T89: 5 | X89: 33.63 | Y89: =+SUM(L89:V89) -> 43 | AB89: =+IFERROR(AB87/(J87*9),"") -> 1.9481481 | AD89: =+Y88+Y89/2 -> 462.5 | AE89: =+AD89*60 -> 27750 | AG89: =+AD88+AD89 -> 449.875
C91: TOTAL CHAINES | F91: AVEC FINAL | G91: =+COUNTIF(G6:G89,"A.FINAL") -> 16 | K91: Sortie Chaine | L91: =+SUMIF($K$6:$K$90,$K$91,L6:L90) -> 473 | M91: =+SUMIF($K$6:$K$90,$K$91,M6:M90) -> 653 | N91: =+SUMIF($K$6:$K$90,$K$91,N6:N90) -> 740 | O91: =+SUMIF($K$6:$K$90,$K$91,O6:O90) -> 736 | P91: =+SUMIF($K$6:$K$90,$K$91,P6:P90) -> 730 | Q91: =+SUMIF($K$6:$K$90,$K$91,Q6:Q90) -> 760 | R91: =+SUMIF($K$6:$K$90,$K$91,R6:R90) -> 784 | S91: =+SUMIF($K$6:$K$90,$K$91,S6:S90) -> 775 | ... V91: =+SUMIF($K$6:$K$90,$K$91,V6:V90) -> 0 | X91: =+SUM(L91:V91) -> 6441 | AE91: =+AD91*60 -> 0
F92: SANS FINAL | G92: =+SUMPRODUCT(1/COUNTIF(B6:B89,B6:B89))-G91 -> 1
K93: Effectifs | L93: =+SUMIF($K$6:$K$90,$K$93,L6:L90) -> 916 | M93: =+SUMIF($K$6:$K$90,$K$93,M6:M90) -> 937 | N93: =+SUMIF($K$6:$K$90,$K$93,N6:N90) -> 939 | O93: =+SUMIF($K$6:$K$90,$K$93,O6:O90) -> 938 | P93: =+SUMIF($K$6:$K$90,$K$93,P6:P90) -> 936 | Q93: =+SUMIF($K$6:$K$90,$K$93,Q6:Q90) -> 936 | R93: =+SUMIF($K$6:$K$90,$K$93,R6:R90) -> 934 | S93: =+SUMIF($K$6:$K$90,$K$93,S6:S90) -> 934 | ... V93: =+SUMIF($K$6:$K$90,$K$93,V6:V90) -> 0
K95: Stagiaire | L95: =+SUMIF($K$6:$K$90,$K$95,L6:L90) -> 52 | M95: =+SUMIF($K$6:$K$90,$K$95,M6:M90) -> 54 | N95: =+SUMIF($K$6:$K$90,$K$95,N6:N90) -> 54 | O95: =+SUMIF($K$6:$K$90,$K$95,O6:O90) -> 54 | P95: =+SUMIF($K$6:$K$90,$K$95,P6:P90) -> 54 | Q95: =+SUMIF($K$6:$K$90,$K$95,Q6:Q90) -> 52 | R95: =+SUMIF($K$6:$K$90,$K$95,R6:R90) -> 53 | S95: =+SUMIF($K$6:$K$90,$K$95,S6:S90) -> 54 | ... V95: =+SUMIF($K$6:$K$90,$K$95,V6:V90) -> 0
L96: =+IF(L93=0,"",L95/L93) -> 0.056768559 | M96: =+IF(M93=0,"",M95/M93) -> 0.057630736 | N96: =+IF(N93=0,"",N95/N93) -> 0.057507987 | O96: =+IF(O93=0,"",O95/O93) -> 0.057569296 | P96: =+IF(P93=0,"",P95/P93) -> 0.057692308 | Q96: =+IF(Q93=0,"",Q95/Q93) -> 0.055555556 | R96: =+IF(R93=0,"",R95/R93) -> 0.056745182 | S96: =+IF(S93=0,"",S95/S93) -> 0.057815846 | ... V96: =+IF(V93=0,"",V95/V93)
J98: Effectifs | K98: Stagiaires Formation | L98: =+IF(L93=0,"",SUMIF($K$6:$K$90,$J$98,$I$6:$I$90)) -> 44 | M98: =+IF(M93=0,"",SUMIF($K$6:$K$90,$J$98,$I$6:$I$90)) -> 44 | N98: =+IF(N93=0,"",SUMIF($K$6:$K$90,$J$98,$I$6:$I$90)) -> 44 | O98: =+IF(O93=0,"",SUMIF($K$6:$K$90,$J$98,$I$6:$I$90)) -> 44 | P98: =+IF(P93=0,"",SUMIF($K$6:$K$90,$J$98,$I$6:$I$90)) -> 44 | Q98: =+IF(Q93=0,"",SUMIF($K$6:$K$90,$J$98,$I$6:$I$90)) -> 44 | R98: =+IF(R93=0,"",SUMIF($K$6:$K$90,$J$98,$I$6:$I$90)) -> 44 | S98: =+IF(S93=0,"",SUMIF($K$6:$K$90,$J$98,$I$6:$I$90)) -> 44 | ... V98: =+IF(V93=0,"",SUMIF($K$6:$K$90,$J$98,$I$6:$I$90))
L99: =+IF(L93=0,"",L98/L93) -> 0.048034934 | M99: =+IF(M93=0,"",M98/M93) -> 0.046958378 | N99: =+IF(N93=0,"",N98/N93) -> 0.04685836 | O99: =+IF(O93=0,"",O98/O93) -> 0.046908316 | P99: =+IF(P93=0,"",P98/P93) -> 0.047008547 | Q99: =+IF(Q93=0,"",Q98/Q93) -> 0.047008547 | R99: =+IF(R93=0,"",R98/R93) -> 0.047109208 | S99: =+IF(S93=0,"",S98/S93) -> 0.047109208 | ... V99: =+IF(V93=0,"",V98/V93)
K101: Ouvriers Formation | L101: =+IF(L93=0,"",SUMIF($K$6:$K$90,$J$98,$H$6:$H$93)) -> 4 | M101: =+IF(M93=0,"",SUMIF($K$6:$K$90,$J$98,$H$6:$H$93)) -> 4 | N101: =+IF(N93=0,"",SUMIF($K$6:$K$90,$J$98,$H$6:$H$93)) -> 4 | O101: =+IF(O93=0,"",SUMIF($K$6:$K$90,$J$98,$H$6:$H$93)) -> 4 | P101: =+IF(P93=0,"",SUMIF($K$6:$K$90,$J$98,$H$6:$H$93)) -> 4 | Q101: =+IF(Q93=0,"",SUMIF($K$6:$K$90,$J$98,$H$6:$H$93)) -> 4 | R101: =+IF(R93=0,"",SUMIF($K$6:$K$90,$J$98,$H$6:$H$93)) -> 4 | S101: =+IF(S93=0,"",SUMIF($K$6:$K$90,$J$98,$H$6:$H$93)) -> 4 | ... V101: =+IF(V93=0,"",SUMIF($K$6:$K$90,$J$98,$H$6:$H$93))
L102: =+IF(L93=0,"",L101/L93) -> 0.0043668122 | M102: =+IF(M93=0,"",M101/M93) -> 0.0042689434 | N102: =+IF(N93=0,"",N101/N93) -> 0.0042598509 | O102: =+IF(O93=0,"",O101/O93) -> 0.0042643923 | P102: =+IF(P93=0,"",P101/P93) -> 0.0042735043 | Q102: =+IF(Q93=0,"",Q101/Q93) -> 0.0042735043 | R102: =+IF(R93=0,"",R101/R93) -> 0.0042826552 | S102: =+IF(S93=0,"",S101/S93) -> 0.0042826552 | ... V102: =+IF(V93=0,"",V101/V93)

Sheet Garys
I1: 37
I2: =+SUBTOTAL(9,I6:I1000) -> 82329.369 | J2: =+SUBTOTAL(9,J6:J1000) -> 140309.54 | K2: =+I2/J2 -> 0.58676957
B4: Date | C4: Modèle | D4: Prix | E4: Moy effectif | F4: Heures Presence | G4: Production | I4: Charges | J4: Chiffre Affaire | K4: % | X4: Horaires | Y4: Mensuels
B6: 45064 | C6: 800033-104 | D6: 22 | E6: 4.22 | F6: 38 | G6: 0 | I6: =$I$1*F6 -> 1406 | J6: =11*D6*G6 -> 0 | X6: =+E6-Y6 -> 3.22 | Y6: 1
B7: 45065 | C7: 800033-104 | D7: 22 | E7: 5 | F7: 42.5 | G7: 0 | I7: =$I$1*F7 -> 1572.5 | J7: =11*D7*G7 -> 0 | X7: =+E7-Y7 -> 2 | Y7: 3
B8: 45066 | C8: 800033-104 | D8: 22 | E8: 7 | F8: 52.5 | G8: 0 | I8: =$I$1*F8 -> 1942.5 | J8: =11*D8*G8 -> 0 | X8: =+E8-Y8 -> 4 | Y8: 3
B9: 45068 | C9: 800033-104 | D9: 22 | E9: 8.66 | F9: 78 | G9: 10 | I9: =$I$1*F9 -> 2886 | J9: =11*D9*G9 -> 2420 | K9: =+I9/J9 -> 1.192562 | X9: =+E9-Y9 -> 5.66 | Y9: 3
B10: 45069 | C10: 800033-104 | D10: 22 | E10: 8.44 | F10: 76 | G10: 15 | I10: =$I$1*F10 -> 2812 | J10: =11*D10*G10 -> 3630 | K10: =+I10/J10 -> 0.77465565 | X10: =+E10-Y10 -> 5.44 | Y10: 3
B11: 45070 | C11: 800033-104 | D11: 22 | E11: 9 | F11: 81 | G11: 25 | I11: =$I$1*F11 -> 2997 | J11: =11*D11*G11 -> 6050 | K11: =+I11/J11 -> 0.4953719 | X11: =+E11-Y11 -> 5 | Y11: 4
B12: 45071 | C12: 800033-104 | D12: 22 | E12: 10 | F12: 95 | G12: 30 | I12: =$I$1*F12 -> 3515 | J12: =11*D12*G12 -> 7260 | K12: =+I12/J12 -> 0.48415978 | X12: =+E12-Y12 -> 6 | Y12: 4
B13: 45072 | C13: 800033-104 | D13: 22 | E13: 10 | F13: 90 | G13: 30 | I13: =$I$1*F13 -> 3330 | J13: =11*D13*G13 -> 7260 | K13: =+I13/J13 -> 0.45867769
B14: 45073 | C14: 800033-104 | D14: 22 | E14: 11 | F14: 85 | G14: 30 | I14: =$I$1*F14 -> 3145 | J14: =11*D14*G14 -> 7260 | K14: =+I14/J14 -> 0.43319559
B15: 45075 | C15: 800033-104 | D15: 22 | E15: 11 | F15: 99 | G15: 30 | I15: =$I$1*F15 -> 3663 | J15: =11*D15*G15 -> 7260 | K15: =+I15/J15 -> 0.50454545
B16: 45076 | C16: 800033-104 | D16: 22 | E16: 11 | F16: 99 | G16: 30 | I16: =$I$1*F16 -> 3663 | J16: =11*D16*G16 -> 7260 | K16: =+I16/J16 -> 0.50454545
B17: 45077 | C17: 800033-104 | D17: 22 | E17: 8 | F17: 60 | G17: 20 | I17: =$I$1*F17 -> 2220 | J17: =11*D17*G17 -> 4840 | K17: =+SUM(I17:I18)/SUM(J17:J18) -> 0.57487603
B18: 45077 | C18: 800034-104 | D18: 22 | E18: 2 | F18: 34 | G18: 5 | I18: =$I$1*F18 -> 1258 | J18: =11*D18*G18 -> 1210
B19: 45078 | C19: 800034-104 | D19: 22 | E19: 12 | F19: 108 | G19: 30 | I19: =$I$1*F19 -> 3996 | J19: =11*D19*G19 -> 7260 | K19: =+I19/J19 -> 0.55041322
B20: 45079 | C20: 800034-104 | D20: 22 | E20: 12 | F20: 102 | G20: 30 | I20: =$I$1*F20 -> 3774 | J20: =11*D20*G20 -> 7260 | K20: =+I20/J20 -> 0.51983471
B21: 45080 | C21: 800034-104 | D21: 22 | E21: 11 | F21: 82.5 | G21: 35 | I21: =$I$1*F21 -> 3052.5 | J21: =11*D21*G21 -> 8470 | K21: =+I21/J21 -> 0.36038961
B22: 45082 | C22: 800034-104 | D22: 22 | E22: 12 | F22: 99 | G22: 30 | I22: =$I$1*F22 -> 3663 | J22: =11*D22*G22 -> 7260 | K22: =+I22/J22 -> 0.50454545
B23: =+B22+1 -> 45083 | C23: 800034-104 | D23: 22 | E23: 12 | F23: 99 | G23: 30 | I23: =$I$1*F23 -> 3663 | J23: =11*D23*G23 -> 7260 | K23: =+I23/J23 -> 0.50454545
B24: =+B23+1 -> 45084 | C24: 800034-104 | D24: 22 | E24: 11 | F24: 77 | G24: 30 | I24: =$I$1*F24 -> 2849 | J24: =11*D24*G24 -> 7260 | K24: =+SUM(I24:I25)/SUM(J24:J25) -> 0.50454545
B25: 45084 | C25: 812200-104 | D25: 16.5 | E25: 11 | F25: 22 | G25: 0 | I25: =$I$1*F25 -> 814 | J25: =11*D25*G25 -> 0
B26: =+B25+1 -> 45085 | C26: 812200-104 | D26: 16.5 | E26: 11 | F26: 99 | G26: 25 | I26: =$I$1*F26 -> 3663 | J26: =11*D26*G26 -> 4537.5 | K26: =+I26/J26 -> 0.80727273
B27: 45086 | C27: 812200-104 | D27: 16.5 | E27: 11 | F27: 93.5 | G27: 34 | I27: =$I$1*F27 -> 3459.5 | J27: =11*D27*G27 -> 6171 | K27: =+I27/J27 -> 0.56060606
B28: =+B27+1 -> 45087 | C28: 812200-104 | D28: 16.5 | E28: 11 | F28: 10 | G28: 6 | I28: =$I$1*F28 -> 370 | J28: =11*D28*G28 -> 1089 | K28: =+SUM(I28:I29)/SUM(J28:J29) -> 0.64480793
B29: 45087 | C29: 812500-104 | D29: 15.93 | E29: 11 | F29: 67 | G29: 19 | I29: =$I$1*F29 -> 2479 | J29: =11*D29*G29 -> 3329.37
B30: 45089 | C30: 812500-104 | D30: 15.93 | E30: 11 | F30: 117 | G30: 26 | I30: =$I$1*F30 -> 4329 | J30: =11*D30*G30 -> 4555.98 | K30: =+I30/J30 -> 0.95017976
B31: =+B30+1 -> 45090 | C31: 812500-129 | D31: 15.93 | E31: 11 | F31: 111 | G31: 37 | I31: =$I$1*F31 -> 4107 | J31: =11*D31*G31 -> 6483.51 | K31: =+I31/J31 -> 0.63345318
B32: =+B31+1 -> 45091 | C32: 812500-129 | D32: 15.93 | E32: 11 | F32: 89 | G32: 23 | I32: =$I$1*F32 -> 3293 | J32: =11*D32*G32 -> 4030.29 | K32: =+SUM(I32:I33)/SUM(J32:J33) -> 0.47818033
B33: 45091 | C33: 812200-139 | D33: 16.5 | E33: 11 | F33: 10 | G33: 20 | I33: =$I$1*F33 -> 370 | J33: =11*D33*G33 -> 3630
B34: 45092 | C34: 812200-139 | D34: 16.5 | E34: 11 | F34: 109 | G34: 40 | I34: =$I$1*F34 -> 4033 | J34: =11*D34*G34 -> 7260 | K34: =+I34/J34 -> 0.55550964
B37: Modele | C37: Désignation | D37: Prix | E37: Heures Presences | F37: Production | G37: Charges | H37: Valeurs | I37: % Charges | J37: % Rend
B38: 800033-104 | C38: Manteau | D38: =+VLOOKUP(B38,$C$6:$K$34,2,FALSE) -> 22 | E38: =+SUMIF($C$6:$C$34,B38,$F$6:$F$34) -> 896 | F38: =+SUMIF($C$6:$C$34,B38,$G$6:$G$34) -> 220 | G38: =+E38*$I$1 -> 33152 | H38: =+F38*D38*11 -> 53240 | I38: =+G38/H38 -> 0.62268971 | J38: 0.29
B39: 800034-104 | C39: Manteau | D39: =+VLOOKUP(B39,$C$6:$K$34,2,FALSE) -> 22 | E39: =+SUMIF($C$6:$C$34,B39,$F$6:$F$34) -> 601.5 | F39: =+SUMIF($C$6:$C$34,B39,$G$6:$G$34) -> 190 | G39: =+E39*$I$1 -> 22255.5 | H39: =+F39*D39*11 -> 45980 | I39: =+G39/H39 -> 0.48402566 | J39: 0.44
B40: 812200-104 | C40: Veste | D40: =+VLOOKUP(B40,$C$6:$K$34,2,FALSE) -> 16.5 | E40: =+SUMIF($C$6:$C$34,B40,$F$6:$F$34) -> 224.5 | F40: =+SUMIF($C$6:$C$34,B40,$G$6:$G$34) -> 65 | G40: =+E40*$I$1 -> 8306.5 | H40: =+F40*D40*11 -> 11797.5 | I40: =+G40/H40 -> 0.70408985 | J40: 0.4
B41: 812500-104 | C41: Veste | D41: =+VLOOKUP(B41,$C$6:$K$34,2,FALSE) -> 15.93 | E41: =+SUMIF($C$6:$C$34,B41,$F$6:$F$34) -> 184 | F41: =+SUMIF($C$6:$C$34,B41,$G$6:$G$34) -> 45 | G41: =+E41*$I$1 -> 6808 | H41: =+F41*D41*11 -> 7885.35 | I41: =+G41/H41 -> 0.86337322 | J41: 0.32
B42: 812500-129 | C42: Veste | D42: =+VLOOKUP(B42,$C$6:$K$34,2,FALSE) -> 15.93 | E42: =+SUMIF($C$6:$C$34,B42,$F$6:$F$34) -> 200 | F42: =+SUMIF($C$6:$C$34,B42,$G$6:$G$34) -> 60 | G42: =+E42*$I$1 -> 7400 | H42: =+F42*D42*11 -> 10513.8 | I42: =+G42/H42 -> 0.70383686 | J42: 0.4
B43: 812200-139 | C43: Veste | D43: =+VLOOKUP(B43,$C$6:$K$34,2,FALSE) -> 16.5 | E43: =+SUMIF($C$6:$C$34,B43,$F$6:$F$34) -> 119 | F43: =+SUMIF($C$6:$C$34,B43,$G$6:$G$34) -> 60 | G43: =+E43*$I$1 -> 4403 | H43: =+F43*D43*11 -> 10890 | I43: =+G43/H43 -> 0.40431589 | J43: 0.67
D45: Total | E45: =+SUM(E38:E43) -> 2225 | F45: =+SUM(F38:F43) -> 640 | G45: =+SUM(G38:G43) -> 82325 | H45: =+SUM(H38:H43) -> 140306.65 | I45: =+G45/H45 -> 0.58675052 | J45: 0.37

Sheet Manque en pcs
A1: Manque en pcs | C1: Ch 01 | D1: Ch 02 | E1: Ch 03 | F1: Ch 04 | G1: Ch 05 | H1: Ch 06 | I1: Ch 07 | J1: Ch 08 | K1: Ch 09 | L1: Ch 11 | M1: Ch 12 | N1: Ch 13 | O1: Ch 14 | P1: Ch 15 | Q1: Ch 16 | R1: Ch 17 | S1: Ch 18 | T1: Ch 19 | W1: Usine | X1: Simulation
A2: Lundi | B2: 44928 | D2: =2*9 -> 18 | H2: 90 | I2: =6*9 -> 54 | K2: =16*9 -> 144 | L2: =8*9 -> 72 | M2: 48 | O2: 18 | R2: =21*9 -> 189
A3: Mardi | B3: 44929
A4: Mercredi | B4: 44930
A5: Jeudi | B5: 44931
A6: Vendredi | B6: 44932
A7: Samedi | B7: 44933
A8: Dimanche | B8: 44934

Sheet Feuil1

Sheet Summary %
A1: . | B1: . | C1: 1 | D1: 2 | E1: 3 | F1: 4 | G1: 5 | H1: 6 | I1: 7 | J1: 8 | K1: 9 | L1: 10 | M1: 11 | N1: 12 | O1: 13 | P1: 14 | Q1: 15 | R1: 16 | S1: 17 | T1: 18 | U1: 19 | V1: 20 | W1: 22 | X1: . | Z1: . | AB1: 0.845
B2: MES | C2: Ch 01 | D2: Ch 02 | E2: Ch 03 | F2: Ch 04 | G2: Ch 05 | H2: Ch 06 | I2: Ch 07 | J2: Ch 08 | K2: Ch 09 | L2: ch 10 | M2: Ch 11 | N2: Ch 12 | O2: Ch 13 | P2: Ch 14 | Q2: Ch 15 | R2: Ch 16 | S2: Ch 17 | T2: Ch 18 | U2: Ch 19 | V2: ch 20 | X2: Usine | Y2: Simulation
B3: 46023 | C3: =+C50 -> #REF! | D3: =+D50 -> #REF! | E3: =+E50 -> , | F3: =+F50 -> #REF! | G3: =+G50 -> #REF! | H3: =+H50 -> #REF! | I3: =+I50 -> #REF! | J3: =+J50 -> #REF! | ... Y3: =+Y50 -> 0.8232
B4: 46054 | C4: , | D4: , | E4: , | F4: , | G4: , | H4: , | I4: , | J4: , | K4: , | L4: , | M4: , | N4: , | O4: , | P4: , | Q4: , | R4: , | S4: , | T4: , | U4: , | V4: , | W4: , | X4: , | Y4: ,
B5: 46082 | C5: , | D5: , | E5: , | F5: , | G5: , | H5: , | I5: , | J5: , | K5: , | L5: , | M5: , | N5: , | O5: , | P5: , | Q5: , | R5: , | S5: , | T5: , | U5: , | V5: , | W5: , | X5: , | Y5: ,
B6: 46113 | C6: , | D6: , | E6: , | F6: , | G6: , | H6: , | I6: , | J6: , | K6: , | L6: , | M6: , | N6: , | O6: , | P6: , | Q6: , | R6: , | S6: , | T6: , | U6: , | V6: , | W6: , | X6: , | Y6: ,
B7: 46143 | C7: , | D7: , | E7: , | F7: , | G7: , | H7: , | I7: , | J7: , | K7: , | L7: , | M7: , | N7: , | O7: , | P7: , | Q7: , | R7: , | S7: , | T7: , | U7: , | V7: , | W7: , | X7: , | Y7: ,
B8: 46174 | C8: , | D8: , | E8: , | F8: , | G8: , | H8: , | I8: , | J8: , | K8: , | L8: , | M8: , | N8: , | O8: , | P8: , | Q8: , | R8: , | S8: , | T8: , | U8: , | V8: , | W8: , | X8: , | Y8: ,
B9: 46204 | C9: , | D9: , | E9: , | F9: , | G9: , | H9: , | I9: , | J9: , | K9: , | L9: , | M9: , | N9: , | O9: , | P9: , | Q9: , | R9: , | S9: , | T9: , | U9: , | V9: , | W9: , | X9: , | Y9: ,
B10: 46235 | C10: , | D10: , | E10: , | F10: , | G10: , | H10: , | I10: , | J10: , | K10: , | L10: , | M10: , | N10: , | O10: , | P10: , | Q10: , | R10: , | S10: , | T10: , | U10: , | V10: , | W10: , | X10: , | Y10: ,
B11: 46266 | C11: , | D11: , | E11: , | F11: , | G11: , | H11: , | I11: , | J11: , | K11: , | L11: , | M11: , | N11: , | O11: , | P11: , | Q11: , | R11: , | S11: , | T11: , | U11: , | V11: , | W11: , | X11: , | Y11: ,
B12: 46296 | C12: , | D12: , | E12: , | F12: , | G12: , | H12: , | I12: , | J12: , | K12: , | L12: , | M12: , | N12: , | O12: , | P12: , | Q12: , | R12: , | S12: , | T12: , | U12: , | V12: , | W12: , | X12: , | Y12: ,
B13: 46327 | C13: , | D13: , | E13: , | F13: , | G13: , | H13: , | I13: , | J13: , | K13: , | L13: , | M13: , | N13: , | O13: , | P13: , | Q13: , | R13: , | S13: , | T13: , | U13: , | V13: , | W13: , | X13: , | Y13: ,
B14: 46357 | C14: , | D14: , | E14: , | F14: , | G14: , | H14: , | I14: , | J14: , | K14: , | L14: , | M14: , | N14: , | O14: , | P14: , | Q14: , | R14: , | S14: , | T14: , | U14: , | V14: , | W14: , | X14: , | Y14: ,
B15: Annee | C15: =+AVERAGE(C3:C14) -> #REF! | D15: =+AVERAGE(D3:D14) -> #REF! | E15: =+AVERAGE(E3:E14) -> #DIV/0! | F15: =+AVERAGE(F3:F14) -> #REF! | G15: =+AVERAGE(G3:G14) -> #REF! | H15: =+AVERAGE(H3:H14) -> #REF! | I15: =+AVERAGE(I3:I14) -> #REF! | J15: =+AVERAGE(J3:J14) -> #REF! | K15: =+AVERAGE(K3:K14) -> #DIV/0! | L15: , | M15: =+AVERAGE(M3:M14) -> #REF! | N15: =+AVERAGE(N3:N14) -> #DIV/0! | O15: =+AVERAGE(O3:O14) -> #REF! | P15: =+AVERAGE(P3:P14) -> #REF! | Q15: =+AVERAGE(Q3:Q14) -> #REF! | R15: , | S15: =+AVERAGE(S3:S14) -> #REF! | T15: =+AVERAGE(T3:T14) -> #REF! | U15: =+AVERAGE(U3:U14) -> #DIV/0! | V15: , | W15: =+AVERAGE(W3:W14) -> #REF! | X15: =+AVERAGE(X3:X14) -> #REF! | Y15: =+AVERAGE(Y3:Y14) -> 0.8232
A17: . | B17: . | C17: Ch 01 | D17: Ch 02 | E17: Ch 03 | F17: Ch 04 | G17: Ch 05 | H17: Ch 06 | I17: Ch 07 | J17: Ch 08 | K17: Ch 09 | L17: ch 10 | M17: Ch 11 | N17: Ch 12 | O17: Ch 13 | P17: Ch 14 | Q17: Ch 15 | R17: Ch 16 | S17: Ch 17 | T17: Ch 18 | U17: Ch 19 | V17: Ch 20 | W17: Ch 22 | X17: Usine | Y17: Simulation | Z17: 0.845 | AB17: .
A18: . | B18: . | C18: Hicham | D18: majid | F18: ZAKARIA | G18: Kousaimi | H18: Dahdoh | I18: Youssef | J18: Outmane | M18: MUSTAPHA | O18: Mohammed | P18: Hassan | Q18: Youssef | R18: AHMED | S18: Mohammed | T18: Abdenour | W18: CUENTA | X18: . | Z18: . | AB18: .
A19: . | B19: 01-01-2026 | C19: =+SUMIF(INDIRECT("'" & B19 & "'!$B:$B"),C1,INDIRECT("'" & B19 & "'!$ah:$ah"))/SUMIF(INDIRECT("'" & B19 & "'!$B:$B"),C1,INDIRECT("'" & B19 & "'!$AG:$AG")) -> #REF! | D19: =+SUMIF(INDIRECT("'" & C19 & "'!$B:$B"),D1,INDIRECT("'" & C19 & "'!$ah:$ah"))/SUMIF(INDIRECT("'" & C19 & "'!$B:$B"),D1,INDIRECT("'" & C19 & "'!$AG:$AG")) -> #REF! | E19: =+SUMIF(INDIRECT("'" & D19 & "'!$B:$B"),E1,INDIRECT("'" & D19 & "'!$ah:$ah"))/SUMIF(INDIRECT("'" & D19 & "'!$B:$B"),E1,INDIRECT("'" & D19 & "'!$AG:$AG")) -> #REF! | F19: =+SUMIF(INDIRECT("'" & E19 & "'!$B:$B"),F1,INDIRECT("'" & E19 & "'!$ah:$ah"))/SUMIF(INDIRECT("'" & E19 & "'!$B:$B"),F1,INDIRECT("'" & E19 & "'!$AG:$AG")) -> #REF! | G19: =+SUMIF(#REF!,G1,#REF!)/SUMIF(#REF!,G1,#REF!) -> #REF! | H19: =+SUMIF(#REF!,H1,#REF!)/SUMIF(#REF!,H1,#REF!) -> #REF! | I19: =+SUMIF(#REF!,I1,#REF!)/SUMIF(#REF!,I1,#REF!) -> #REF! | J19: =+SUMIF(#REF!,J1,#REF!)/SUMIF(#REF!,J1,#REF!) -> #REF! | K19: =+SUMIF(#REF!,K1,#REF!)/SUMIF(#REF!,K1,#REF!) -> #REF! | L19: =+SUMIF(#REF!,L1,#REF!)/SUMIF(#REF!,L1,#REF!) -> #REF! | M19: =+SUMIF(#REF!,M1,#REF!)/SUMIF(#REF!,M1,#REF!) -> #REF! | N19: , | O19: =+SUMIF(#REF!,O1,#REF!)/SUMIF(#REF!,O1,#REF!) -> #REF! | P19: =+SUMIF(#REF!,P1,#REF!)/SUMIF(#REF!,P1,#REF!) -> #REF! | Q19: =+SUMIF(#REF!,Q1,#REF!)/SUMIF(#REF!,Q1,#REF!) -> #REF! | R19: =+SUMIF(#REF!,R1,#REF!)/SUMIF(#REF!,R1,#REF!) -> #REF! | S19: =+SUMIF(#REF!,S1,#REF!)/SUMIF(#REF!,S1,#REF!) -> #REF! | T19: =+SUMIF(#REF!,T1,#REF!)/SUMIF(#REF!,T1,#REF!) -> #REF! | U19: , | V19: , | W19: =+SUMIF(#REF!,W1,#REF!)/SUMIF(#REF!,W1,#REF!) -> #REF! | X19: =+#REF! -> #REF! | Y19: 0.8232 | AB19: .
C20: , | D20: , | E20: , | F20: , | G20: , | H20: , | I20: , | J20: , | K20: , | L20: , | M20: , | N20: , | O20: , | P20: , | Q20: , | R20: , | S20: , | T20: , | U20: , | V20: , | W20: , | X20: , | Y20: ,
A21: . | C21: , | D21: , | E21: , | F21: , | G21: , | H21: , | I21: , | J21: , | K21: , | L21: , | M21: , | N21: , | O21: , | P21: , | Q21: , | R21: , | S21: , | T21: , | U21: , | V21: , | W21: , | X21: , | Y21: , | Z21: . | AB21: .
A22: . | C22: , | D22: , | E22: , | F22: , | G22: , | H22: , | I22: , | J22: , | K22: , | L22: , | M22: , | N22: , | O22: , | P22: , | Q22: , | R22: , | S22: , | T22: , | U22: , | V22: , | W22: , | X22: , | Y22: , | Z22: . | AB22: .
A23: . | C23: , | D23: , | E23: , | F23: , | G23: , | H23: , | I23: , | J23: , | K23: , | L23: , | M23: , | N23: , | O23: , | P23: , | Q23: , | R23: , | S23: , | T23: , | U23: , | V23: , | W23: , | X23: , | Y23: , | Z23: . | AB23: .
A24: . | C24: , | D24: , | E24: , | F24: , | G24: , | H24: , | I24: , | J24: , | K24: , | L24: , | M24: , | N24: , | O24: , | P24: , | Q24: , | R24: , | S24: , | T24: , | U24: , | V24: , | W24: , | X24: , | Y24: , | Z24: . | AB24: .
A25: . | C25: , | D25: , | E25: , | F25: , | G25: , | H25: , | I25: , | J25: , | K25: , | L25: , | M25: , | N25: , | O25: , | P25: , | Q25: , | R25: , | S25: , | T25: , | U25: , | V25: , | W25: , | X25: , | Y25: , | Z25: . | AB25: .
C26: , | D26: , | E26: , | F26: , | G26: , | H26: , | I26: , | J26: , | K26: , | L26: , | M26: , | N26: , | O26: , | P26: , | Q26: , | R26: , | S26: , | T26: , | U26: , | V26: , | W26: , | X26: , | Y26: ,
A27: . | C27: , | D27: , | E27: , | F27: , | G27: , | H27: , | I27: , | J27: , | K27: , | L27: , | M27: , | N27: , | O27: , | P27: , | Q27: , | R27: , | S27: , | T27: , | U27: , | V27: , | W27: , | X27: , | Y27: , | Z27: . | AB27: .
A28: . | C28: , | D28: , | E28: , | F28: , | G28: , | H28: , | I28: , | J28: , | K28: , | L28: , | M28: , | N28: , | O28: , | P28: , | Q28: , | R28: , | S28: , | T28: , | U28: , | V28: , | W28: , | X28: , | Y28: , | Z28: . | AB28: .
A29: . | C29: , | D29: , | E29: , | F29: , | G29: , | H29: , | I29: , | J29: , | K29: , | L29: , | M29: , | N29: , | O29: , | P29: , | Q29: , | R29: , | S29: , | T29: , | U29: , | V29: , | W29: , | X29: , | Y29: , | Z29: 29 | AB29: .
A30: . | C30: , | D30: , | E30: , | F30: , | G30: , | H30: , | I30: , | J30: , | K30: , | L30: , | M30: , | N30: , | O30: , | P30: , | Q30: , | R30: , | S30: , | T30: , | U30: , | V30: , | W30: , | X30: , | Y30: , | Z30: . | AB30: .
A31: . | C31: , | D31: , | E31: , | F31: , | G31: , | H31: , | I31: , | J31: , | K31: , | L31: , | M31: , | N31: , | O31: , | P31: , | Q31: , | R31: , | S31: , | T31: , | U31: , | V31: , | W31: , | X31: , | Y31: , | Z31: . | AB31: .
A32: . | C32: , | D32: , | E32: , | F32: , | G32: , | H32: , | I32: , | J32: , | K32: , | L32: , | M32: , | N32: , | O32: , | P32: , | Q32: , | R32: , | S32: , | T32: , | U32: , | V32: , | W32: , | X32: , | Y32: , | Z32: . | AB32: .
A33: . | C33: , | D33: , | E33: , | F33: , | G33: , | H33: , | I33: , | J33: , | K33: , | L33: , | M33: , | N33: , | O33: , | P33: , | Q33: , | R33: , | S33: , | T33: , | U33: , | V33: , | W33: , | X33: , | Y33: , | Z33: . | AB33: .
A34: . | C34: , | D34: , | E34: , | F34: , | G34: , | H34: , | I34: , | J34: , | K34: , | L34: , | M34: , | N34: , | O34: , | P34: , | Q34: , | R34: , | S34: , | T34: , | U34: , | V34: , | W34: , | X34: , | Y34: , | Z34: . | AB34: .
A35: . | C35: , | D35: , | E35: , | F35: , | G35: , | H35: , | I35: , | J35: , | K35: , | L35: , | M35: , | N35: , | O35: , | P35: , | Q35: , | R35: , | S35: , | T35: , | U35: , | V35: , | W35: , | X35: , | Y35: , | Z35: . | AB35: .
A36: . | C36: , | D36: , | E36: , | F36: , | G36: , | H36: , | I36: , | J36: , | K36: , | L36: , | M36: , | N36: , | O36: , | P36: , | Q36: , | R36: , | S36: , | T36: , | U36: , | V36: , | W36: , | X36: , | Y36: , | Z36: . | AB36: .
C37: , | D37: , | E37: , | F37: , | G37: , | H37: , | I37: , | J37: , | K37: , | L37: , | M37: , | N37: , | O37: , | P37: , | Q37: , | R37: , | S37: , | T37: , | U37: , | V37: , | W37: , | X37: , | Y37: , | Z37: .
A38: . | C38: , | D38: , | E38: , | F38: , | G38: , | H38: , | I38: , | J38: , | K38: , | L38: , | M38: , | N38: , | O38: , | P38: , | Q38: , | R38: , | S38: , | T38: , | U38: , | V38: , | W38: , | X38: , | Y38: , | Z38: . | AB38: .
C39: , | D39: , | E39: , | F39: , | G39: , | H39: , | I39: , | J39: , | K39: , | L39: , | M39: , | N39: , | O39: , | P39: , | Q39: , | R39: , | S39: , | T39: , | U39: , | V39: , | W39: , | X39: , | Y39: ,
A40: . | C40: , | D40: , | E40: , | F40: , | G40: , | H40: , | I40: , | J40: , | K40: , | L40: , | M40: , | N40: , | O40: , | P40: , | Q40: , | R40: , | S40: , | T40: , | U40: , | V40: , | W40: , | X40: , | Y40: , | Z40: . | AB40: .
A41: . | C41: , | D41: , | E41: , | F41: , | G41: , | H41: , | I41: , | J41: , | K41: , | L41: , | M41: , | N41: , | O41: , | P41: , | Q41: , | R41: , | S41: , | T41: , | U41: , | V41: , | W41: , | X41: , | Y41: , | Z41: . | AB41: .
C42: , | D42: , | E42: , | F42: , | G42: , | H42: , | I42: , | J42: , | K42: , | L42: , | M42: , | N42: , | O42: , | P42: , | Q42: , | R42: , | S42: , | T42: , | U42: , | V42: , | W42: , | X42: , | Y42: ,
A43: . | C43: , | D43: , | E43: , | F43: , | G43: , | H43: , | I43: , | J43: , | K43: , | L43: , | M43: , | N43: , | O43: , | P43: , | Q43: , | R43: , | S43: , | T43: , | U43: , | V43: , | W43: , | X43: , | Y43: , | Z43: . | AB43: .
C44: , | D44: , | E44: , | F44: , | G44: , | H44: , | I44: , | J44: , | K44: , | L44: , | M44: , | N44: , | O44: , | P44: , | Q44: , | R44: , | S44: , | T44: , | U44: , | V44: , | W44: , | X44: , | Y44: ,
C45: , | D45: , | E45: , | F45: , | G45: , | H45: , | I45: , | J45: , | K45: , | L45: , | M45: , | N45: , | O45: , | P45: , | Q45: , | R45: , | S45: , | T45: , | U45: , | V45: , | W45: , | X45: , | Y45: ,
C46: , | D46: , | E46: , | F46: , | G46: , | H46: , | I46: , | J46: , | K46: , | L46: , | M46: , | N46: , | O46: , | P46: , | Q46: , | R46: , | S46: , | T46: , | U46: , | V46: , | W46: , | X46: , | Y46: ,
C47: , | D47: , | E47: , | F47: , | G47: , | H47: , | I47: , | J47: , | K47: , | L47: , | M47: , | N47: , | O47: , | P47: , | Q47: , | R47: , | S47: , | T47: , | U47: , | V47: , | W47: , | X47: , | Y47: ,
C48: , | D48: , | E48: , | F48: , | G48: , | H48: , | I48: , | J48: , | K48: , | L48: , | M48: , | N48: , | O48: , | P48: , | Q48: , | R48: , | S48: , | T48: , | U48: , | V48: , | W48: , | X48: , | Y48: ,
C49: , | D49: , | E49: , | F49: , | G49: , | H49: , | I49: , | J49: , | K49: , | L49: , | M49: , | N49: , | O49: , | P49: , | Q49: , | R49: , | S49: , | T49: , | U49: , | V49: , | W49: , | X49: , | Y49: ,
C50: =+AVERAGE(C19:C47) -> #REF! | D50: =+AVERAGE(D19:D47) -> #REF! | E50: , | F50: =+AVERAGE(F19:F47) -> #REF! | G50: =+AVERAGE(G19:G47) -> #REF! | H50: =+AVERAGE(H19:H47) -> #REF! | I50: =+AVERAGE(I19:I47) -> #REF! | J50: =+AVERAGE(J19:J47) -> #REF! | K50: , | L50: , | M50: =+AVERAGE(M19:M47) -> #REF! | N50: , | O50: =+AVERAGE(O19:O47) -> #REF! | P50: =+AVERAGE(P19:P47) -> #REF! | Q50: =+AVERAGE(Q19:Q47) -> #REF! | R50: =+AVERAGE(R19:R47) -> #REF! | S50: =+AVERAGE(S19:S47) -> #REF! | T50: =+AVERAGE(T19:T47) -> #REF! | U50: , | V50: , | W50: =+AVERAGE(W19:W47) -> #REF! | X50: =+AVERAGE(X19:X47) -> #REF! | Y50: =+AVERAGE(Y19:Y47) -> 0.8232
C54: ,
C56: ,
C58: ,
C60: ,

Sheet 5-5
B1: Entre Chaine | S1: 05-05-2026
B3: Reste | C3: ,---> Chaines | E3: Modèle | F3: Plan Entré chaines | H3: TISSU | O3: DOUBLURE
H4: Encours au prep | J4: Encours Fabriqué au prep | L4: Manque | O4: Encours au prep | Q4: Encours Fabriqué au prep | S4: Manque
L5: Coupe | M5: Prép | S5: Coupe | T5: Prép
B6: -46.1875 | C6: 450 | E6: NUDIE-301580 | F6: 496.1875 | H6: 749 | I6: =+IFERROR(H6/F6,"") -> 1.50951 | J6: 661 | K6: =+IFERROR(J6/F6,"") -> 1.3321577 | L6: =+H6-F6 -> 252.8125 | M6: =+J6-F6 -> 164.8125 | P6: =+IFERROR(O6/F6,"") -> 0 | R6: =+IFERROR(Q6/F6,"") -> 0 | V6: =+F6+B6 -> 450
B7: -171.875 | C7: 480 | E7: 2878-556-700 | F7: 651.875 | H7: 843 | I7: =+IFERROR(H7/F7,"") -> 1.2931927 | J7: 652 | K7: =+IFERROR(J7/F7,"") -> 1.0001918 | L7: =+H7-F7 -> 191.125 | M7: =+J7-F7 -> 0.125 | O7: 843 | P7: =+IFERROR(O7/F7,"") -> 1.2931927 | Q7: 821 | R7: =+IFERROR(Q7/F7,"") -> 1.2594439 | S7: =+O7-F7 -> 191.125 | T7: =+Q7-F7 -> 169.125
B8: 34.9375 | C8: 780 | E8: 2628-510-630 | F8: 745.0625 | H8: 4642 | I8: =+IFERROR(H8/F8,"") -> 6.2303498 | J8: 530 | K8: =+IFERROR(J8/F8,"") -> 0.71134972 | L8: =+H8-F8 -> 3896.9375 | M8: =+J8-F8 -> -215.0625 | O8: 6022 | P8: =+IFERROR(O8/F8,"") -> 8.0825434 | Q8: 4260 | R8: =+IFERROR(Q8/F8,"") -> 5.7176411 | S8: =+O8-F8 -> 5276.9375 | T8: =+Q8-F8 -> 3514.9375
B9: 92.75 | C9: 975 | E9: 2843-709-800 | F9: 882.25 | H9: 5984 | I9: =+IFERROR(H9/F9,"") -> 6.782658 | J9: 4722 | K9: =+IFERROR(J9/F9,"") -> 5.3522244 | L9: =+H9-F9 -> 5101.75 | M9: =+J9-F9 -> 3839.75 | O9: 5984 | P9: =+IFERROR(O9/F9,"") -> 6.782658 | Q9: 5547 | R9: =+IFERROR(Q9/F9,"") -> 6.2873335 | S9: =+O9-F9 -> 5101.75 | T9: =+Q9-F9 -> 4664.75
B10: -173.5 | C10: 1150 | E10: 2917-496-712 | F10: 1323.5 | H10: 2883 | I10: =+IFERROR(H10/F10,"") -> 2.1783151 | J10: 361 | K10: =+IFERROR(J10/F10,"") -> 0.27276162 | L10: =+H10-F10 -> 1559.5 | M10: =+J10-F10 -> -962.5 | O10: 4133 | P10: =+IFERROR(O10/F10,"") -> 3.1227805 | Q10: 297 | R10: =+IFERROR(Q10/F10,"") -> 0.22440499 | S10: =+O10-F10 -> 2809.5 | T10: =+Q10-F10 -> -1026.5
B11: 182 | C11: 1080 | E11: DOT KEYHOLE | F11: 898 | H11: 2522 | I11: =+IFERROR(H11/F11,"") -> 2.8084633 | J11: 300 | K11: =+IFERROR(J11/F11,"") -> 0.33407572 | L11: =+H11-F11 -> 1624 | M11: =+J11-F11 -> -598 | P11: =+IFERROR(O11/F11,"") -> 0 | R11: =+IFERROR(Q11/F11,"") -> 0
B12: -12.125 | E12: PIANO-TURQUAZ | F12: 477.125 | H12: 398 | I12: =+IFERROR(H12/F12,"") -> 0.83416296 | J12: 120 | K12: =+IFERROR(J12/F12,"") -> 0.25150642 | L12: =+H12-F12 -> -79.125 | M12: =+J12-F12 -> -357.125
B13: -25.5 | C13: 1275 | E13: 7740-876-052 | F13: 1300.5 | H13: 8130 | I13: =+IFERROR(H13/F13,"") -> 6.2514418 | J13: 3232 | K13: =+IFERROR(J13/F13,"") -> 2.485198 | L13: =+H13-F13 -> 6829.5 | M13: =+J13-F13 -> 1931.5 | O13: 8430 | P13: =+IFERROR(O13/F13,"") -> 6.4821223 | Q13: 758 | R13: =+IFERROR(Q13/F13,"") -> 0.58285275 | S13: =+O13-F13 -> 7129.5 | T13: =+Q13-F13 -> -542.5
B14: -35.5 | C14: 650 | E14: 7741-793-052 | F14: 685.5 | H14: 5151 | I14: =+IFERROR(H14/F14,"") -> 7.5142232 | J14: 3999 | K14: =+IFERROR(J14/F14,"") -> 5.833698 | L14: =+H14-F14 -> 4465.5 | M14: =+J14-F14 -> 3313.5 | O14: 5151 | P14: =+IFERROR(O14/F14,"") -> 7.5142232 | Q14: 3149 | R14: =+IFERROR(Q14/F14,"") -> 4.5937272 | S14: =+O14-F14 -> 4465.5 | T14: =+Q14-F14 -> 2463.5
B15: -250 | C15: 150 | E15: ADA-PURPLE | F15: 400 | H15: 157 | I15: =+IFERROR(H15/F15,"") -> 0.3925 | K15: =+IFERROR(J15/F15,"") -> 0 | L15: =+H15-F15 -> -243 | P15: =+IFERROR(O15/F15,"") -> 0 | R15: =+IFERROR(Q15/F15,"") -> 0
B16: 0 | E16: ADA-TURQUAZ | F16: 0 | H16: 1209 | I16: =+IFERROR(H16/F16,"") | K16: =+IFERROR(J16/F16,"") | L16: =+H16-F16 -> 1209 | M16: =+J16-F16 -> 0
B19: =+SUM(B6:B17) -> -405 | C19: =+SUM(C6:C17) -> 6990 | D19: =+SUM(D6:D17) -> 0 | E19: Total | F19: =+SUM(F6:F17) -> 7860 | H19: =+SUM(H6:H17) -> 32668 | J19: =+SUM(J6:J17) -> 14577 | O19: =+SUM(O6:O17) -> 30563 | Q19: =+SUM(Q6:Q17) -> 14832

Sheet 6-5
B1: Entre Chaine | S1: 06-05-2026
B3: Reste | C3: ,---> Chaines | E3: Modèle | F3: Plan Entré chaines | H3: TISSU | O3: DOUBLURE
H4: Encours au prep | J4: Encours Fabriqué au prep | L4: Manque | O4: Encours au prep | Q4: Encours Fabriqué au prep | S4: Manque
L5: Coupe | M5: Prép | S5: Coupe | T5: Prép
B6: 0 | C6: 284 | E6: NUDIE-301580 | F6: 284 | H6: 299 | I6: =+IFERROR(H6/F6,"") -> 1.0528169 | J6: =211+75 -> 286 | K6: =+IFERROR(J6/F6,"") -> 1.0070423 | L6: =+H6-F6 -> 15 | M6: =+J6-F6 -> 2 | P6: =+IFERROR(O6/F6,"") -> 0 | R6: =+IFERROR(Q6/F6,"") -> 0 | V6: =+F6+B6 -> 284
B7: 0 | C7: 344 | E7: 2878-556-700 | F7: 344 | H7: 363 | I7: =+IFERROR(H7/F7,"") -> 1.0552326 | J7: 253 | K7: =+IFERROR(J7/F7,"") -> 0.73546512 | L7: =+H7-F7 -> 19 | M7: =+J7-F7 -> -91 | O7: 363 | P7: =+IFERROR(O7/F7,"") -> 1.0552326 | Q7: 341 | R7: =+IFERROR(Q7/F7,"") -> 0.99127907 | S7: =+O7-F7 -> 19 | T7: =+Q7-F7 -> -3
B8: -168.625 | C8: 720 | E8: 2628-510-630 | F8: 888.625 | H8: 4942 | I8: =+IFERROR(H8/F8,"") -> 5.561401 | J8: 650 | K8: =+IFERROR(J8/F8,"") -> 0.73146715 | L8: =+H8-F8 -> 4053.375 | M8: =+J8-F8 -> -238.625 | O8: 5242 | P8: =+IFERROR(O8/F8,"") -> 5.8990013 | Q8: 3960 | R8: =+IFERROR(Q8/F8,"") -> 4.456323 | S8: =+O8-F8 -> 4353.375 | T8: =+Q8-F8 -> 3071.375
B9: 27.875 | C9: 975 | E9: 2843-709-800 | F9: 947.125 | H9: 5009 | I9: =+IFERROR(H9/F9,"") -> 5.2886367 | J9: 4397 | K9: =+IFERROR(J9/F9,"") -> 4.6424706 | L9: =+H9-F9 -> 4061.875 | M9: =+J9-F9 -> 3449.875 | O9: 5009 | P9: =+IFERROR(O9/F9,"") -> 5.2886367 | Q9: 4987 | R9: =+IFERROR(Q9/F9,"") -> 5.2654085 | S9: =+O9-F9 -> 4061.875 | T9: =+Q9-F9 -> 4039.875
B10: 0 | C10: 1405 | E10: 2917-496-712 | F10: 1405 | H10: 2983 | I10: =+IFERROR(H10/F10,"") -> 2.1231317 | J10: 261 | K10: =+IFERROR(J10/F10,"") -> 0.18576512 | L10: =+H10-F10 -> 1578 | M10: =+J10-F10 -> -1144 | O10: 3283 | P10: =+IFERROR(O10/F10,"") -> 2.3366548 | Q10: 247 | R10: =+IFERROR(Q10/F10,"") -> 0.17580071 | S10: =+O10-F10 -> 1878 | T10: =+Q10-F10 -> -1158
B11: 0 | C11: 660 | E11: DOT KEYHOLE | F11: 660 | H11: 2042 | I11: =+IFERROR(H11/F11,"") -> 3.0939394 | J11: 300 | K11: =+IFERROR(J11/F11,"") -> 0.45454545 | L11: =+H11-F11 -> 1382 | M11: =+J11-F11 -> -360 | P11: =+IFERROR(O11/F11,"") -> 0 | R11: =+IFERROR(Q11/F11,"") -> 0
B12: 0 | E12: PIANO-TURQUAZ | F12: 263 | H12: 271 | I12: =+IFERROR(H12/F12,"") -> 1.0304183 | J12: 175 | K12: =+IFERROR(J12/F12,"") -> 0.66539924 | L12: =+H12-F12 -> 8 | M12: =+J12-F12 -> -88
B13: 68.7 | C13: 1050 | E13: 7740-876-052 | F13: 981.3 | H13: 8055 | I13: =+IFERROR(H13/F13,"") -> 8.2084989 | J13: 2932 | K13: =+IFERROR(J13/F13,"") -> 2.9878732 | L13: =+H13-F13 -> 7073.7 | M13: =+J13-F13 -> 1950.7 | O13: 7905 | P13: =+IFERROR(O13/F13,"") -> 8.0556405 | Q13: 683 | R13: =+IFERROR(Q13/F13,"") -> 0.69601549 | S13: =+O13-F13 -> 6923.7 | T13: =+Q13-F13 -> -298.3
B14: 74.75 | C14: 700 | E14: 7741-793-052 | F14: 625.25 | H14: 6001 | I14: =+IFERROR(H14/F14,"") -> 9.5977609 | J14: 4399 | K14: =+IFERROR(J14/F14,"") -> 7.0355858 | L14: =+H14-F14 -> 5375.75 | M14: =+J14-F14 -> 3773.75 | O14: 4501 | P14: =+IFERROR(O14/F14,"") -> 7.1987205 | Q14: 3549 | R14: =+IFERROR(Q14/F14,"") -> 5.6761295 | S14: =+O14-F14 -> 3875.75 | T14: =+Q14-F14 -> 2923.75
B15: 0 | C15: 0 | E15: ADA-PURPLE | F15: 0 | I15: =+IFERROR(H15/F15,"") | K15: =+IFERROR(J15/F15,"") | L15: =+H15-F15 -> 0 | P15: =+IFERROR(O15/F15,"") | R15: =+IFERROR(Q15/F15,"")
B16: 0 | E16: ADA-TURQUAZ | F16: 0 | H16: 1299 | I16: =+IFERROR(H16/F16,"") | K16: =+IFERROR(J16/F16,"") | L16: =+H16-F16 -> 1299 | M16: =+J16-F16 -> 0
B17: 0 | E17: 7674-739-401 | F17: 0 | H17: 2021 | I17: =+IFERROR(H17/F17,"") | L17: =+H17-F17 -> 2021 | M17: =+J17-F17 -> 0 | O17: 2021 | T17: =+Q17-F17 -> 0
B18: 0 | E18: Malva | F18: 0 | I18: =+IFERROR(H18/F18,"") | M18: =+J18-F18 -> 0
B20: =+SUM(B6:B18) -> 2.7 | C20: =+SUM(C6:C18) -> 6138 | D20: =+SUM(D6:D18) -> 0 | E20: Total | F20: =+SUM(F6:F18) -> 6398.3 | H20: =+SUM(H6:H18) -> 33285 | J20: =+SUM(J6:J18) -> 13653 | O20: =+SUM(O6:O18) -> 28324 | Q20: =+SUM(Q6:Q18) -> 13767

Sheet 7-5
B1: Entre Chaine | S1: 07-05-2026
B3: Reste | C3: ,---> Chaines | E3: Modèle | F3: Plan Entré chaines | H3: TISSU | O3: DOUBLURE
H4: Encours au prep | J4: Encours Fabriqué au prep | L4: Manque | O4: Encours au prep | Q4: Encours Fabriqué au prep | S4: Manque
L5: Coupe | M5: Prép | S5: Coupe | T5: Prép
B6: 87.5 | C6: 1080 | E6: 2628-510-630 | F6: 992.5 | H6: 5182 | I6: =+IFERROR(H6/F6,"") -> 5.2211587 | J6: 1070 | K6: =+IFERROR(J6/F6,"") -> 1.0780856 | L6: =+H6-F6 -> 4189.5 | M6: =+J6-F6 -> 77.5 | O6: 4522 | P6: =+IFERROR(O6/F6,"") -> 4.5561713 | Q6: 3240 | R6: =+IFERROR(Q6/F6,"") -> 3.2644836 | S6: =+O6-F6 -> 3529.5 | T6: =+Q6-F6 -> 2247.5
B7: 5 | C7: 525 | E7: 2843-709-800 | F7: 520 | H7: 4034 | I7: =+IFERROR(H7/F7,"") -> 7.7576923 | J7: 3862 | K7: =+IFERROR(J7/F7,"") -> 7.4269231 | L7: =+H7-F7 -> 3514 | M7: =+J7-F7 -> 3342 | O7: 4034 | P7: =+IFERROR(O7/F7,"") -> 7.7576923 | Q7: 4012 | R7: =+IFERROR(Q7/F7,"") -> 7.7153846 | S7: =+O7-F7 -> 3514 | T7: =+Q7-F7 -> 3492
B8: -403 | C8: 1159 | E8: 2917-496-712 | F8: 1562 | H8: 2678 | I8: =+IFERROR(H8/F8,"") -> 1.7144686 | J8: 56 | K8: =+IFERROR(J8/F8,"") -> 0.035851472 | L8: =+H8-F8 -> 1116 | M8: =+J8-F8 -> -1506 | O8: 3228 | P8: =+IFERROR(O8/F8,"") -> 2.0665813 | Q8: 592 | R8: =+IFERROR(Q8/F8,"") -> 0.37900128 | S8: =+O8-F8 -> 1666 | T8: =+Q8-F8 -> -970
B9: -36 | C9: 720 | E9: DOT KEYHOLE | F9: 756 | H9: 2278 | I9: =+IFERROR(H9/F9,"") -> 3.0132275 | J9: 480 | K9: =+IFERROR(J9/F9,"") -> 0.63492063 | L9: =+H9-F9 -> 1522 | M9: =+J9-F9 -> -276 | P9: =+IFERROR(O9/F9,"") -> 0 | R9: =+IFERROR(Q9/F9,"") -> 0
B10: -57.5 | C10: 984 | E10: 7740-876-052 | F10: 1041.5 | H10: 8130 | I10: =+IFERROR(H10/F10,"") -> 7.806049 | J10: 2782 | K10: =+IFERROR(J10/F10,"") -> 2.6711474 | L10: =+H10-F10 -> 7088.5 | M10: =+J10-F10 -> 1740.5 | O10: 9330 | P10: =+IFERROR(O10/F10,"") -> 8.9582333 | Q10: 908 | R10: =+IFERROR(Q10/F10,"") -> 0.87181949 | S10: =+O10-F10 -> 8288.5 | T10: =+Q10-F10 -> -133.5
B11: 49.75 | C11: 700 | E11: 7741-793-052 | F11: 650.25 | H11: 6301 | I11: =+IFERROR(H11/F11,"") -> 9.6901192 | J11: 4199 | K11: =+IFERROR(J11/F11,"") -> 6.4575163 | L11: =+H11-F11 -> 5650.75 | M11: =+J11-F11 -> 3548.75 | O11: 3801 | P11: =+IFERROR(O11/F11,"") -> 5.8454441 | Q11: 2849 | R11: =+IFERROR(Q11/F11,"") -> 4.3813918 | S11: =+O11-F11 -> 3150.75 | T11: =+Q11-F11 -> 2198.75
B12: 548 | E12: ADA-TURQUAZ | F12: 400 | H12: 2192 | I12: =+IFERROR(H12/F12,"") -> 5.48 | K12: =+IFERROR(J12/F12,"") -> 0 | L12: =+H12-F12 -> 1792 | P12: =+IFERROR(O12/F12,"") -> 0 | R12: =+IFERROR(Q12/F12,"") -> 0
B13: 0 | E13: 7674-739-401 | F13: 600 | H13: 2571 | I13: =+IFERROR(H13/F13,"") -> 4.285 | J13: 450 | K13: =+IFERROR(J13/F13,"") -> 0.75 | L13: =+H13-F13 -> 1971 | M13: =+J13-F13 -> -150 | O13: 3821 | P13: =+IFERROR(O13/F13,"") -> 6.3683333 | Q13: 850 | R13: =+IFERROR(Q13/F13,"") -> 1.4166667 | S13: =+O13-F13 -> 3221 | T13: =+Q13-F13 -> 250
B14: -100 | E14: Malva | F14: 150 | H14: 504 | I14: =+IFERROR(H14/F14,"") -> 3.36 | L14: =+H14-F14 -> 354 | M14: =+J14-F14 -> -150
B16: =+SUM(B6:B14) -> 93.75 | C16: =+SUM(C6:C14) -> 5168 | D16: =+SUM(D6:D14) -> 0 | E16: Total | F16: =+SUM(F6:F14) -> 6672.25 | H16: =+SUM(H6:H14) -> 33870 | J16: =+SUM(J6:J14) -> 12899 | O16: =+SUM(O6:O14) -> 28736 | Q16: =+SUM(Q6:Q14) -> 12451

Sheet 11-5
B1: Entre Chaine | S1: 11-05-2026
B3: Reste | C3: ,---> Chaines | E3: Modèle | F3: Plan Entré chaines | H3: TISSU | O3: DOUBLURE
H4: Encours au prep | J4: Encours Fabriqué au prep | L4: Manque | O4: Encours au prep | Q4: Encours Fabriqué au prep | S4: Manque
L5: Coupe | M5: Prép | S5: Coupe | T5: Prép
B6: 52.6875 | C6: 840 | E6: 2628-510-630 | F6: 787.3125 | H6: 4665 | I6: 5.9252203 | J6: 1249 | K6: 1.5864095 | L6: 3877.6875 | M6: 461.6875 | O6: 4665 | P6: 5.9252203 | Q6: 1559 | R6: 1.980154 | S6: 3877.6875 | T6: 771.6875
B7: 37.5 | C7: 375 | E7: 2843-709-800 | F7: 337.5 | H7: 1334 | I7: 3.9525926 | J7: 1312 | K7: 3.8874074 | L7: 996.5 | M7: 974.5 | O7: 1334 | P7: 3.9525926 | Q7: 1312 | R7: 3.8874074 | S7: 996.5 | T7: 974.5
B8: -389 | C8: 1150 | E8: 2917-496-712 | F8: 1539 | H8: 3769 | I8: 2.4489929 | J8: 47 | K8: 0.030539311 | L8: 2230 | M8: -1492 | O8: 3769 | P8: 2.4489929 | Q8: 1183 | R8: 0.76868096 | S8: 2230 | T8: -356
B9: 3 | C9: 353 | E9: DOT KEYHOLE | F9: 350 | H9: 355 | I9: 1.0142857 | J9: 252 | K9: 0.72 | L9: 5 | M9: -98 | P9: 0 | R9: 0
B10: 62.5 | C10: 825 | E10: 7740-876-052 | F10: 762.5 | H10: 8495 | I10: 11.140984 | J10: 3597 | K10: 4.717377 | L10: 7732.5 | M10: 2834.5 | O10: 9920 | P10: 13.009836 | Q10: 1348 | R10: 1.7678689 | S10: 9157.5 | T10: 585.5
B11: 3.125 | C11: 450 | E11: 7741-793-052 | F11: 446.875 | H11: 7451 | I11: 16.673566 | J11: 4299 | K11: 9.6201399 | L11: 7004.125 | M11: 3852.125 | O11: 6801 | P11: 15.219021 | Q11: 1899 | R11: 4.2495105 | S11: 6354.125 | T11: 1452.125
B12: 0 | E12: ADA-TURQUAZ | F12: 0 | H12: 641 | L12: 641
B13: 150 | E13: 7674-739-401 | F13: 700 | H13: 2569 | I13: 3.67 | J13: 698 | K13: 0.99714286 | L13: 1869 | M13: -2 | O13: 4519 | P13: 6.4557143 | Q13: 1448 | R13: 2.0685714 | S13: 3819 | T13: 748
B14: 0 | E14: Malva | F14: 290 | H14: 933 | I14: 3.2172414 | K14: 0 | L14: 643 | M14: -290 | O14: 109 | P14: 0.37586207 | R14: 0
B15: 0 | E15: 2869-588-505 | F15: 0 | H15: 262 | L15: 262 | M15: 0 | S15: 0 | T15: 0
B16: 0 | E16: BERGEN | F16: 0 | H16: 512 | L16: 512 | M16: 0 | S16: 0 | T16: 0
B18: =+SUM(B6:B16) -> -80.1875 | C18: =+SUM(C6:C14) -> 3993 | D18: =+SUM(D6:D14) -> 0 | E18: Total | F18: =+SUM(F6:F16) -> 5213.1875 | H18: =+SUM(H6:H16) -> 30986 | J18: =+SUM(J6:J16) -> 11454 | O18: =+SUM(O6:O16) -> 31117 | Q18: =+SUM(Q6:Q16) -> 8749

Sheet 12-5
B1: Entre Chaine | S1: 12-05-2026
B3: Reste | C3: ,---> Chaines | E3: Modèle | F3: Plan Entré chaines | H3: TISSU | O3: DOUBLURE
H4: Encours au prep | J4: Encours Fabriqué au prep | L4: Manque | O4: Encours au prep | Q4: Encours Fabriqué au prep | S4: Manque
L5: Coupe | M5: Prép | S5: Coupe | T5: Prép
B6: 39.25 | C6: 840 | E6: 2628-510-630 | F6: 800.75 | H6: 3825 | I6: 4.7767718 | J6: 1369 | K6: 1.7096472 | L6: 3024.25 | M6: 568.25 | O6: 3825 | P6: 4.7767718 | Q6: 1314 | R6: 1.6409616 | S6: 3024.25 | T6: 513.25
B7: 6 | C7: 375 | E7: 2843-709-800 | F7: 369 | H7: 959 | I7: 2.598916 | J7: 937 | K7: 2.5392954 | L7: 590 | M7: 568 | O7: 959 | P7: 2.598916 | Q7: 937 | R7: 2.5392954 | S7: 590 | T7: 568
B8: -181 | C8: 1300 | E8: 2917-496-712 | F8: 1481 | H8: 4269 | I8: 2.8825118 | K8: 0 | L8: 2788 | M8: -1481 | O8: 3669 | P8: 2.4773801 | Q8: 1033 | R8: 0.69750169 | S8: 2188 | T8: -448
B9: 0 | C9: 240 | E9: BERGEN-302189 | F9: 240 | H9: 500 | I9: 2.0833333 | K9: 0 | L9: 260 | M9: -240 | O9: 680 | P9: 2.8333333 | R9: 0 | S9: 440 | T9: -240
B10: 57.5 | C10: 1126 | E10: 7740-876-052 | F10: 1068.5 | H10: 8795 | I10: 8.2311652 | J10: 3522 | K10: 3.2962096 | L10: 7726.5 | M10: 2453.5 | O10: 11270 | P10: 10.547496 | Q10: 1573 | R10: 1.4721572 | S10: 10201.5 | T10: 504.5
B11: 60.5 | C11: 550 | E11: 7741-793-052 | F11: 489.5 | H11: 8351 | I11: 17.060266 | J11: 4299 | K11: 8.7824311 | L11: 7861.5 | M11: 3809.5 | O11: 8251 | P11: 16.855975 | Q11: 1449 | R11: 2.9601634 | S11: 7761.5 | T11: 959.5
B12: 31.5 | E12: 7674-739-401 | F12: 1268.5 | H12: 4019 | I12: 3.168309 | J12: 698 | K12: 0.55025621 | L12: 2750.5 | M12: -570.5 | O12: 4419 | P12: 3.4836421 | Q12: 1648 | R12: 1.2991723 | S12: 3150.5 | T12: 379.5
B13: 32 | E13: Malva | F13: 300 | H13: 1183 | I13: 3.9433333 | K13: 0 | L13: 883 | M13: -300 | P13: 0 | R13: 0
B14: 0 | E14: 2869-588-505 | F14: 0 | H14: 712 | L14: 712 | M14: 0 | O14: 512 | S14: 512 | T14: 0
B15: 0 | F15: 0 | L15: 0 | M15: 0 | S15: 0 | T15: 0
B17: =+SUM(B6:B15) -> 45.75 | C17: =+SUM(C6:C13) -> 4431 | D17: =+SUM(D6:D13) -> 0 | E17: Total | F17: =+SUM(F6:F15) -> 6017.25 | H17: =+SUM(H6:H15) -> 32613 | J17: =+SUM(J6:J15) -> 10825 | O17: =+SUM(O6:O15) -> 33585 | Q17: =+SUM(Q6:Q15) -> 7954

Sheet 13-5
B1: Entre Chaine | S1: 13-05-2026
B3: Reste | C3: ,---> Chaines | E3: Modèle | F3: Plan Entré chaines | H3: TISSU | O3: DOUBLURE
H4: Encours au prep | J4: Encours Fabriqué au prep | L4: Manque | O4: Encours au prep | Q4: Encours Fabriqué au prep | S4: Manque
L5: Coupe | M5: Prép | S5: Coupe | T5: Prép
B6: 0.66875 | C6: 835 | E6: 2628-510-630 | F6: 834.33125 | H6: 2985 | I6: 3.5777157 | J6: 1290 | K6: 1.5461485 | L6: 2150.6687 | M6: 455.66875 | O6: 2985 | P6: 3.5777157 | Q6: 474 | R6: 0.56811968 | S6: 2150.6687 | T6: -360.33125
B7: 165 | C7: 565 | E7: 2843-709-800 | F7: 400 | H7: 584 | I7: 1.46 | J7: 562 | K7: 1.405 | L7: 184 | M7: 162 | O7: 584 | P7: 1.46 | Q7: 562 | R7: 1.405 | S7: 184 | T7: 162
B8: -500.15 | C8: 1000 | E8: 2917-496-712 | F8: 1500.15 | H8: 3969 | I8: 2.6457354 | K8: 0 | L8: 2468.85 | M8: -1500.15 | O8: 3369 | P8: 2.2457754 | Q8: 783 | R8: 0.52194781 | S8: 1868.85 | T8: -717.15
B9: 10 | C9: 360 | E9: BERGEN-302189 | F9: 350 | H9: 620 | I9: 1.7714286 | J9: 120 | K9: 0.34285714 | L9: 270 | M9: -230 | O9: 920 | P9: 2.6285714 | Q9: 240 | R9: 0.68571429 | S9: 570 | T9: -110
B10: 58.2975 | C10: 1275 | E10: 7740-876-052 | F10: 1216.7025 | H10: 9095 | I10: 7.4751223 | J10: 3147 | K10: 2.5864992 | L10: 7878.2975 | M10: 1930.2975 | O10: 10970 | P10: 9.0161728 | Q10: 1798 | R10: 1.4777647 | S10: 9753.2975 | T10: 581.2975
B11: 49.875 | C11: 700 | E11: 7741-793-052 | F11: 650.125 | H11: 8501 | I11: 13.075947 | J11: 4249 | K11: 6.5356662 | L11: 7850.875 | M11: 3598.875 | O11: 8301 | P11: 12.768314 | Q11: 1449 | R11: 2.2288022 | S11: 7650.875 | T11: 798.875
B12: 160.2 | E12: 7674-739-401 | F12: 939.8 | H12: 4619 | I12: 4.9148755 | J12: 248 | K12: 0.26388593 | L12: 3679.2 | M12: -691.8 | O12: 4219 | P12: 4.489253 | Q12: 848 | R12: 0.90231964 | S12: 3279.2 | T12: -91.8
B13: 0 | E13: Malva | F13: 188 | H13: 1571 | I13: 8.356383 | K13: 0 | L13: 1383 | M13: -188 | P13: 0 | R13: 0
B14: 0 | E14: 2869-588-505 | F14: 0 | H14: 962 | L14: 962 | M14: 0 | O14: 512 | S14: 512 | T14: 0
B15: 0 | F15: 0 | L15: 0 | M15: 0 | S15: 0 | T15: 0
B17: =+SUM(B6:B15) -> -56.10875 | C17: =+SUM(C6:C13) -> 4735 | D17: =+SUM(D6:D13) -> 0 | E17: Total | F17: =+SUM(F6:F15) -> 6079.1088 | H17: =+SUM(H6:H15) -> 32906 | J17: =+SUM(J6:J15) -> 9616 | O17: =+SUM(O6:O15) -> 31860 | Q17: =+SUM(Q6:Q15) -> 6154

Sheet 01-05-2026
AG1: , | AW1: ,
F2: Vers Final | AG2: =+AL2/AK2 -> 0.77993733 | AK2: =+SUBTOTAL(9,AK6:AK119) -> 374835 | AL2: =+SUBTOTAL(9,AL6:AL119) -> 292347.81 | AW2: 0.59793648
B3: =+AM4 -> 8.25 | F3: Vers Dépôt | AB3: Sortie Chaine | AT3: 8.75
K4: HEURES SAISIE | M4: 8:45 | N4: 9:45 | O4: 10:45 | P4: 12:00 | Q4: 13:00 | R4: 14:00 | S4: 15:00 | T4: 16:00 | AB4: =+SUMIF($L$6:$L$102,AB3,$AB$6:$AB$102) -> 7533 | AC4: DATE : | AG4: =RIGHT(CELL("filename",A1),LEN(CELL("filename",A1))-FIND("]",CELL("filename",A1))) -> 01-05-2026 | AI4: =+SUM(AI6:AI107) -> 6247.25 | AM4: 8.25 | AT4: =+SUBTOTAL(9,AT6:AT103) -> 168.625 | AW4: 46014
B5: CH | D5: IMPORT | F5: CLIENT | G5: MODELE | H5: QTE PRÉVU | I5: DESIG | J5: METHODES | M5: 1 | N5: 2 | O5: 3 | P5: 4 | Q5: 5 | R5: 6 | S5: 7 | T5: 8 | U5: 9 | V5: 10 | W5: 11 | X5: Moy | Y5: 2em° | AA5: H.Lancement | AB5: Total | AC5: Cumul | AF5: Cumul 2em° | AG5: Encours | AH5: %Rend | AT5: Entré Chaine | AW5: Encours
B6: =+B7 -> 1 | G6: 2843-709-800 | J6: VT | K6: P/H | L6: Entre Chaine | X6: =IF(AT7="","",SUM(M6:W6)-(-(AT7-SUM(M6:W6))/$AT$3)*SUM($M$2:$W$2)) | Z6: 17.5 | AA6: =+X8 -> 0.5 | AB6: =+SUM(L6:W6) -> 0 | AC6: =+AD6+AB6 -> 7276 | AD6: 7276 | AJ6: =TRUNC(AI6)+(AI6-TRUNC(AI6))*60/100 -> 0 | AK6: =+AI6*60 -> 0
B7: 1 | C7: =+B7 -> 1 | D7: 036-26 | F7: Stear | G7: =+G6 -> 2843-709-800 | H7: 7300 | I7: Gillet | J7: 50 | K7: 58 | L7: Sortie Chaine | M7: 58 | N7: 58 | O7: 58 | P7: 58 | Q7: 58 | R7: 58 | S7: 58 | T7: 58 | U7: 15 | X7: =+IF(H8="s",0,IF(AB7=0,0,IF(COUNTA(M7:W7)=AN9+0.75,SUMIF($C:$C,B7,$AB:$AB)/AN9,SUMIF($C:$C,B7,$AB:$AB)/(COUNTA(M7:W7))))) -> 58.060606 | AB7: =+SUM(L7:W7) -> 479 | AC7: =+AB7+AD7 -> 7024 | AD7: 6545 | AE7: 0 | AF7: =+AE7+Y7 -> 0 | AG7: =+AC6-AC7 -> 252 | AH7: =+IF(((AB8+(AB9/2))*60)=0,"",(J7*AB7)/((AB8+(AB9/2))*60)) -> 2.0159933 | AI7: =+AB8+AB9/2 -> 198 | AJ7: =TRUNC(AI7)+(AI7-TRUNC(AI7))*60/100 -> 198 | AK7: =+AI7*60 -> 11880 | AL7: =+AB7*J7 -> 23950 | AM7: =+AB7-(AI7*K7/K9) -> 266.33333 | AT7: =IF(AU7=0,"",AW7-(($AT$3*K7)+($AT$3*K7)*AU7)+AB6) | AW7: 731 | AY7: =+AW7-AG7 -> 479 | BK7: =+AC6-H7 -> -24 | BL7: =+I7-AD6 -> #VALUE! | BM7: =+J7-AE6 -> 50
B8: =+B7 -> 1 | E8: =+B7 -> 1 | G8: =+G6 -> 2843-709-800 | H8: L | I8: =+IFERROR(IF(K9=0,0,IF((LOOKUP(2,1/(M8:W8<>""),M8:W8)-K9)<0,0,IF(K9=0,"",LOOKUP(2,1/(M8:W8<>""),M8:W8)-K9))),0) -> 0 | K8: EFF | L8: Effectifs | M8: 37 | N8: 35 | O8: 33 | P8: 26 | Q8: 20 | R8: 12 | S8: 12 | T8: 12 | U8: 11 | X8: =+IF(H8="l",IF(COUNTA(M7:W7)=AN9+0.75,AB7-K7*AN9,AB7-(K7*COUNTA(M7:W7))),IF(H8="s",0,IF(COUNTA(M7:W7)=AN9+0.75,SUMIF($C:$C,B7,$AB:$AB)-K7*AN9,SUMIF($C:$C,B7,$AB:$AB)-K7*COUNTA(M7:W7)))) -> 0.5 | AB8: =+SUM(M8:W8)-U8*0.75 -> 189.75 | AJ8: =TRUNC(AI8)+(AI8-TRUNC(AI8))*60/100 -> 0 | AK8: =+AI8*60 -> 0 | AO8: =+IF(AN9=7.75,SUM(M8:S8)+T8*0.75,IF(AN9=8,SUM(M8:T8),IF(AN9=7.25,SUM(M8:S8)+T8*0.25,IF(AN9=8.25,SUM(M8:T8)+U8*0.25,IF(AN9=8.75,SUM(M8:T8)+U8*0.75,0))))) -> 189.75 | AP8: =+AO8-AB8 -> 0
B9: =+B7 -> 1 | D9: HICHAM | E9: =+E8+100 -> 101 | G9: =+G6 -> 2843-709-800 | J9: =+IF(K9="","",IF(K7=0,"",(K7*J7)/(K9*60))) -> 0.89506173 | K9: 54 | L9: Stagiaire | M9: 2 | N9: 2 | O9: 2 | P9: 2 | Q9: 2 | R9: 2 | S9: 2 | T9: 2 | U9: 2 | Z9: 18.128414 | AA9: 18.128414 | AB9: =+SUM(M9:W9)-U9*0.75 -> 16.5 | AG9: =+IFERROR(AG7/(K7*$AT$3),"") -> 0.49655172 | AJ9: =TRUNC(AI9)+(AI9-TRUNC(AI9))*60/100 -> 0 | AK9: =+AI9*60 -> 0 | AN9: =+$AM$4 -> 8.25 | AO9: =+IF(AN9=7.75,SUM(M9:S9)+T9*0.75,IF(AN9=8,SUM(M9:T9),IF(AN9=7.25,SUM(M9:S9)+T9*0.25,IF(AN9=8.25,SUM(M9:T9)+U9*0.25,IF(AN9=8.75,SUM(M9:T9)+U9*0.75,0))))) -> 16.5 | AP9: =+AO9-AB9 -> 0 | AW9: 1.4403941
B10: =+B11 -> 1 | G10: 2917-496-712 | J10: VT | K10: P/H | L10: Entre Chaine | M10: 50 | N10: 50 | O10: 50 | P10: 50 | Q10: 50 | R10: 50 | X10: =IF(AT11="","",SUM(M10:W10)-(-(AT11-SUM(M10:W10))/$AT$3)*SUM($M$2:$W$2)) -> 300 | Z10: 0 | AA10: =+X12 -> 0 | AB10: =+SUM(L10:W10) -> 300 | AC10: =+AD10+AB10 -> 701 | AD10: 401 | AJ10: =TRUNC(AI10)+(AI10-TRUNC(AI10))*60/100 -> 0 | AK10: =+AI10*60 -> 0
B11: 1 | C11: =+B11 -> 1 | D11: 038-26 | F11: Stear | G11: =+G10 -> 2917-496-712 | H11: 6000 | I11: Veste | J11: 38.38 | K11: 60 | L11: Sortie Chaine | X11: =+IF(H12="s",0,IF(AB11=0,0,IF(COUNTA(M11:W11)=AN13+0.75,SUMIF($C:$C,B11,$AB:$AB)/AN13,SUMIF($C:$C,B11,$AB:$AB)/(COUNTA(M11:W11))))) -> 0 | AB11: =+SUM(L11:W11) -> 0 | AC11: =+AB11+AD11 -> 0 | AD11: 0 | AE11: 0 | AF11: =+AE11+Y11 -> 0 | AG11: =+AC10-AC11 -> 701 | AH11: =+IF(((AB12+(AB13/2))*60)=0,"",(J11*AB11)/((AB12+(AB13/2))*60)) -> 0 | AI11: =+AB12+AB13/2 -> 233 | AJ11: =TRUNC(AI11)+(AI11-TRUNC(AI11))*60/100 -> 233 | AK11: =+AI11*60 -> 13980 | AL11: =+AB11*J11 -> 0 | AM11: =+AB11-(AI11*K11/K13) -> -285.30612 | AT11: =-400+AB10 -> -100 | AU11: 1.5 | AW11: 401 | AY11: =+AW11-AG11 -> -300 | BK11: =+AC10-H11 -> -5299 | BL11: =+I11-AD10 -> #VALUE! | BM11: =+J11-AE10 -> 38.38
B12: =+B11 -> 1 | E12: =+B11 -> 1 | G12: =+G10 -> 2917-496-712 | H12: L | I12: =+IFERROR(IF(K13=0,0,IF((LOOKUP(2,1/(M12:W12<>""),M12:W12)-K13)<0,0,IF(K13=0,"",LOOKUP(2,1/(M12:W12<>""),M12:W12)-K13))),0) -> 0 | K12: EFF | L12: Effectifs | M12: 14 | N12: 16 | O12: 18 | P12: 25 | Q12: 31 | R12: 38 | S12: 38 | T12: 38 | U12: 39 | X12: =+IF(H12="l",IF(COUNTA(M11:W11)=AN13+0.75,AB11-K11*AN13,AB11-(K11*COUNTA(M11:W11))),IF(H12="s",0,IF(COUNTA(M11:W11)=AN13+0.75,SUMIF($C:$C,B11,$AB:$AB)-K11*AN13,SUMIF($C:$C,B11,$AB:$AB)-K11*COUNTA(M11:W11)))) -> 0 | AB12: =+SUM(M12:W12)-U12*0.75 -> 227.75 | AJ12: =TRUNC(AI12)+(AI12-TRUNC(AI12))*60/100 -> 0 | AK12: =+AI12*60 -> 0 | AO12: =+IF(AN13=7.75,SUM(M12:S12)+T12*0.75,IF(AN13=8,SUM(M12:T12),IF(AN13=7.25,SUM(M12:S12)+T12*0.25,IF(AN13=8.25,SUM(M12:T12)+U12*0.25,IF(AN13=8.75,SUM(M12:T12)+U12*0.75,0))))) -> 227.75 | AP12: =+AO12-AB12 -> 0
B13: =+B11 -> 1 | D13: HICHAM | E13: =+E12+100 -> 101 | G13: =+G10 -> 2917-496-712 | J13: 0.91625 | K13: 49 | L13: Stagiaire | P13: 2 | Q13: 2 | R13: 2 | S13: 2 | T13: 2 | U13: 2 | AB13: =+SUM(M13:W13)-U13*0.75 -> 10.5 | AG13: =+IFERROR(AG11/(K11*$AT$3),"") -> 1.3352381 | AJ13: =TRUNC(AI13)+(AI13-TRUNC(AI13))*60/100 -> 0 | AK13: =+AI13*60 -> 0 | AN13: =+$AM$4 -> 8.25 | AO13: =+IF(AN13=7.75,SUM(M13:S13)+T13*0.75,IF(AN13=8,SUM(M13:T13),IF(AN13=7.25,SUM(M13:S13)+T13*0.25,IF(AN13=8.25,SUM(M13:T13)+U13*0.25,IF(AN13=8.75,SUM(M13:T13)+U13*0.75,0))))) -> 10.5 | AP13: =+AO13-AB13 -> 0 | AW13: 0.91657143
B14: =+B15 -> 2 | G14: 7696-837-802 | J14: VT | K14: P/H | L14: Entre Chaine | X14: =IF(AT15="","",SUM(M14:W14)-(-(AT15-SUM(M14:W14))/$AT$3)*SUM($M$2:$W$2)) | Z14: 0.75 | AA14: =+X16 -> -67.75 | AB14: =+SUM(L14:W14) -> 0 | AC14: =+AD14+AB14 -> 6622 | AD14: 6622 | AJ14: =TRUNC(AI14)+(AI14-TRUNC(AI14))*60/100 -> 0 | AK14: =+AI14*60 -> 0
B15: 2 | C15: =+B15 -> 2 | D15: 039-26 | F15: Stear | G15: =+G14 -> 7696-837-802 | H15: 6622 | I15: TOP | J15: 29.06 | K15: 75 | L15: Sortie Chaine | M15: 75 | N15: 75 | O15: 75 | P15: 58 | Q15: 75 | R15: 65 | S15: 68 | T15: 60 | U15: 0 | X15: =+IF(H16="s",0,IF(AB15=0,0,IF(COUNTA(M15:W15)=AN17+0.75,SUMIF($C:$C,B15,$AB:$AB)/AN17,SUMIF($C:$C,B15,$AB:$AB)/(COUNTA(M15:W15))))) -> 66.787879 | AB15: =+SUM(L15:W15) -> 551 | AC15: =+AB15+AD15 -> 6136 | AD15: 5585 | AE15: 0 | AF15: =+AE15+Y15 -> 0 | AG15: =+AC14-AC15 -> 486 | AH15: =+IF(((AB16+(AB17/2))*60)=0,"",(J15*AB15)/((AB16+(AB17/2))*60)) -> 0.78896576 | AI15: =+AB16+AB17/2 -> 338.25 | AJ15: =TRUNC(AI15)+(AI15-TRUNC(AI15))*60/100 -> 338.15 | AK15: =+AI15*60 -> 20295 | AL15: =+AB15*J15 -> 16012.06 | AM15: =+AB15-(AI15*K15/K17) -> -67.75 | AT15: =IF(AU15=0,"",AW15-(($AT$3*K15)+($AT$3*K15)*AU15)+AB14) | AW15: 1037 | AY15: =+AW15-AG15 -> 551 | BK15: =+AC14-H15 -> 0
B16: =+B15 -> 2 | G16: =+G14 -> 7696-837-802 | I16: =+IFERROR(IF(K17=0,0,IF((LOOKUP(2,1/(M16:W16<>""),M16:W16)-K17)<0,0,IF(K17=0,"",LOOKUP(2,1/(M16:W16<>""),M16:W16)-K17))),0) -> 0 | K16: EFF | L16: Effectifs | M16: 40 | N16: 40 | O16: 40 | P16: 40 | Q16: 40 | R16: 40 | S16: 40 | T16: 40 | U16: 40 | X16: =+IF(H16="l",IF(COUNTA(M15:W15)=AN17+0.75,AB15-K15*AN17,AB15-(K15*COUNTA(M15:W15))),IF(H16="s",0,IF(COUNTA(M15:W15)=AN17+0.75,SUMIF($C:$C,B15,$AB:$AB)-K15*AN17,SUMIF($C:$C,B15,$AB:$AB)-K15*COUNTA(M15:W15)))) -> -67.75 | AB16: =+SUM(M16:W16)-U16*0.75 -> 330 | AJ16: =TRUNC(AI16)+(AI16-TRUNC(AI16))*60/100 -> 0 | AK16: =+AI16*60 -> 0 | AO16: =+IF(AN17=7.75,SUM(M16:S16)+T16*0.75,IF(AN17=8,SUM(M16:T16),IF(AN17=7.25,SUM(M16:S16)+T16*0.25,IF(AN17=8.25,SUM(M16:T16)+U16*0.25,IF(AN17=8.75,SUM(M16:T16)+U16*0.75,0))))) -> 330 | AP16: =+AO16-AB16 -> 0
B17: =+B15 -> 2 | D17: MAJID | G17: =+G14 -> 7696-837-802 | J17: =+IF(K17="","",IF(K15=0,"",(K15*J15)/(K17*60))) -> 0.88597561 | K17: 41 | L17: Stagiaire | M17: 2 | N17: 2 | O17: 2 | P17: 2 | Q17: 2 | R17: 2 | S17: 2 | T17: 2 | U17: 2 | Z17: 31.206234 | AA17: 31.206234 | AB17: =+SUM(M17:W17)-U17*0.75 -> 16.5 | AG17: =+IFERROR(AG15/(K15*$AT$3),"") -> 0.74057143 | AJ17: =TRUNC(AI17)+(AI17-TRUNC(AI17))*60/100 -> 0 | AK17: =+AI17*60 -> 0 | AN17: =+$AM$4 -> 8.25 | AO17: =+IF(AN17=7.75,SUM(M17:S17)+T17*0.75,IF(AN17=8,SUM(M17:T17),IF(AN17=7.25,SUM(M17:S17)+T17*0.25,IF(AN17=8.25,SUM(M17:T17)+U17*0.25,IF(AN17=8.75,SUM(M17:T17)+U17*0.75,0))))) -> 16.5 | AP17: =+AO17-AB17 -> 0 | AW17: 1.5801905
B18: =+B19 -> 2 | G18: 7740-876-052 | J18: VT | K18: P/H | L18: Entre Chaine | N18: 75 | P18: 75 | R18: 75 | X18: =IF(AT19="","",SUM(M18:W18)-(-(AT19-SUM(M18:W18))/$AT$3)*SUM($M$2:$W$2)) -> 225 | Z18: 0 | AA18: =+X20 -> 0 | AB18: =+SUM(L18:W18) -> 225 | AC18: =+AD18+AB18 -> 225 | AD18: 0 | AJ18: =TRUNC(AI18)+(AI18-TRUNC(AI18))*60/100 -> 0 | AK18: =+AI18*60 -> 0
B19: 2 | C19: =+B19 -> 2 | D19: 040-26 | F19: Stear | G19: =+G18 -> 7740-876-052 | H19: 7000 | I19: Veste | J19: 55.78 | K19: 52 | L19: Sortie Chaine | X19: =+IF(H20="s",0,IF(AB19=0,0,IF(COUNTA(M19:W19)=AN21+0.75,SUMIF($C:$C,B19,$AB:$AB)/AN21,SUMIF($C:$C,B19,$AB:$AB)/(COUNTA(M19:W19))))) -> 0 | AB19: =+SUM(L19:W19) -> 0 | AC19: =+AB19+AD19 -> 0 | AD19: 0 | AE19: 0 | AF19: =+AE19+Y19 -> 0 | AG19: =+AC18-AC19 -> 225 | AH19: =+IF(((AB20+(AB21/2))*60)=0,"",(J19*AB19)/((AB20+(AB21/2))*60)) | AI19: =+AB20+AB21/2 -> 0 | AJ19: =TRUNC(AI19)+(AI19-TRUNC(AI19))*60/100 -> 0 | AK19: =+AI19*60 -> 0 | AL19: =+AB19*J19 -> 0 | AM19: =+AB19-(AI19*K19/K21) -> #DIV/0! | AT19: =-300+AB18 -> -75 | AU19: 1.5 | AW19: 0 | AY19: =+AW19-AG19 -> -225 | BK19: =+AC18-H19 -> -6775
B20: =+B19 -> 2 | G20: =+G18 -> 7740-876-052 | H20: L | I20: =+IFERROR(IF(K21=0,0,IF((LOOKUP(2,1/(M20:W20<>""),M20:W20)-K21)<0,0,IF(K21=0,"",LOOKUP(2,1/(M20:W20<>""),M20:W20)-K21))),0) -> 0 | K20: EFF | L20: Effectifs | X20: =+IF(H20="l",IF(COUNTA(M19:W19)=AN21+0.75,AB19-K19*AN21,AB19-(K19*COUNTA(M19:W19))),IF(H20="s",0,IF(COUNTA(M19:W19)=AN21+0.75,SUMIF($C:$C,B19,$AB:$AB)-K19*AN21,SUMIF($C:$C,B19,$AB:$AB)-K19*COUNTA(M19:W19)))) -> 0 | AB20: =+SUM(M20:W20)-U20*0.75 -> 0 | AJ20: =TRUNC(AI20)+(AI20-TRUNC(AI20))*60/100 -> 0 | AK20: =+AI20*60 -> 0 | AO20: =+IF(AN21=7.75,SUM(M20:S20)+T20*0.75,IF(AN21=8,SUM(M20:T20),IF(AN21=7.25,SUM(M20:S20)+T20*0.25,IF(AN21=8.25,SUM(M20:T20)+U20*0.25,IF(AN21=8.75,SUM(M20:T20)+U20*0.75,0))))) -> 0 | AP20: =+AO20-AB20 -> 0
B21: =+B19 -> 2 | D21: MAJID | G21: =+G18 -> 7740-876-052 | J21: =+IF(K21="","",IF(K19=0,"",(K19*J19)/(K21*60))) | L21: Stagiaire | AB21: =+SUM(M21:W21)-U21*0.75 -> 0 | AG21: =+IFERROR(AG19/(K19*$AT$3),"") -> 0.49450549 | AJ21: =TRUNC(AI21)+(AI21-TRUNC(AI21))*60/100 -> 0 | AK21: =+AI21*60 -> 0 | AN21: =+$AM$4 -> 8.25 | AO21: =+IF(AN21=7.75,SUM(M21:S21)+T21*0.75,IF(AN21=8,SUM(M21:T21),IF(AN21=7.25,SUM(M21:S21)+T21*0.25,IF(AN21=8.25,SUM(M21:T21)+U21*0.25,IF(AN21=8.75,SUM(M21:T21)+U21*0.75,0))))) -> 0 | AP21: =+AO21-AB21 -> 0 | AW21: 0
B22: =+B23 -> 3 | G22: 7740-876-052 | J22: VT | K22: P/H | L22: Entre Chaine | M22: 50 | N22: 50 | O22: 50 | P22: 50 | Q22: 50 | R22: 50 | S22: 100 | T22: 50 | X22: =IF(AT23="","",SUM(M22:W22)-(-(AT23-SUM(M22:W22))/$AT$3)*SUM($M$2:$W$2)) -> 450 | Z22: 0 | AA22: =+X24 -> -22 | AB22: =+SUM(L22:W22) -> 450 | AC22: =+AD22+AB22 -> 4680 | AD22: 4230 | AJ22: =TRUNC(AI22)+(AI22-TRUNC(AI22))*60/100 -> 0 | AK22: =+AI22*60 -> 0
B23: 3 | C23: 3 | D23: 040-26 | F23: Stear | G23: =+G22 -> 7740-876-052 | H23: 12000 | I23: Veste | J23: 55.78 | K23: 52 | L23: Sortie Chaine | M23: 40 | N23: 42 | O23: 52 | P23: 52 | Q23: 52 | R23: 52 | S23: 52 | T23: 52 | U23: 13 | X23: =+IF(H24="s",0,IF(AB23=0,0,IF(COUNTA(M23:W23)=AN25+0.75,SUMIF($C:$C,B23,$AB:$AB)/AN25,SUMIF($C:$C,B23,$AB:$AB)/(COUNTA(M23:W23))))) -> 49.333333 | AB23: =+SUM(L23:W23) -> 407 | AC23: =+AB23+AD23 -> 3563 | AD23: 3156 | AF23: =+AE23+Y23 -> 0 | AG23: =+AC22-AC23 -> 1117 | AH23: =+IF(((AB24+(AB25/2))*60)=0,"",(J23*AB23)/((AB24+(AB25/2))*60)) -> 0.8493251 | AI23: =+AB24+AB25/2 -> 445.5 | AJ23: =TRUNC(AI23)+(AI23-TRUNC(AI23))*60/100 -> 445.3 | AK23: =+AI23*60 -> 26730 | AL23: =+AB23*J23 -> 22702.46 | AM23: =+AB23-(AI23*K23/K25) -> -6.6785714 | AT23: =IF(AU23=0,"",AW23-(($AT$3*K23)+($AT$3*K23)*AU23)+AB22) -> 68 | AU23: 2.2 | AW23: 1074 | AY23: =+AW23-AG23 -> -43 | BK23: =+AC22-H23 -> -7320
